symptom,department,doctor,hospital,location,availability
chest pain,Cardiology,Dr_Car_1,Sunrise Hospital Kochi,Kochi,Available
heart problem,Cardiology,Dr_Car_1,Sunrise Hospital Kochi,Kochi,Available
palpitations,Cardiology,Dr_Car_1,Sunrise Hospital Kochi,Kochi,Available
chest pain,Cardiology,Dr_Car_2,General Hospital Kochi,Kochi,Available
heart problem,Cardiology,Dr_Car_2,General Hospital Kochi,Kochi,Available
palpitations,Cardiology,Dr_Car_2,General Hospital Kochi,Kochi,Available
chest pain,Cardiology,Dr_Car_3,City Hospital Kochi,Kochi,Busy
heart problem,Cardiology,Dr_Car_3,City Hospital Kochi,Kochi,Busy
palpitations,Cardiology,Dr_Car_3,City Hospital Kochi,Kochi,Busy
chest pain,Cardiology,Dr_Car_4,Medical College Kochi,Kochi,Busy
heart problem,Cardiology,Dr_Car_4,Medical College Kochi,Kochi,Busy
palpitations,Cardiology,Dr_Car_4,Medical College Kochi,Kochi,Busy
chest pain,Cardiology,Dr_Car_5,General Hospital Kochi,Kochi,Busy
heart problem,Cardiology,Dr_Car_5,General Hospital Kochi,Kochi,Busy
palpitations,Cardiology,Dr_Car_5,General Hospital Kochi,Kochi,Busy
headache,Neurology,Dr_Neu_6,Medical College Kochi,Kochi,Busy
migraine,Neurology,Dr_Neu_6,Medical College Kochi,Kochi,Busy
dizziness,Neurology,Dr_Neu_6,Medical College Kochi,Kochi,Busy
headache,Neurology,Dr_Neu_7,General Hospital Kochi,Kochi,Available
migraine,Neurology,Dr_Neu_7,General Hospital Kochi,Kochi,Available
dizziness,Neurology,Dr_Neu_7,General Hospital Kochi,Kochi,Available
headache,Neurology,Dr_Neu_8,Medical College Kochi,Kochi,Available
migraine,Neurology,Dr_Neu_8,Medical College Kochi,Kochi,Available
dizziness,Neurology,Dr_Neu_8,Medical College Kochi,Kochi,Available
headache,Neurology,Dr_Neu_9,Medical College Kochi,Kochi,Available
migraine,Neurology,Dr_Neu_9,Medical College Kochi,Kochi,Available
dizziness,Neurology,Dr_Neu_9,Medical College Kochi,Kochi,Available
headache,Neurology,Dr_Neu_10,Medical College Kochi,Kochi,Busy
migraine,Neurology,Dr_Neu_10,Medical College Kochi,Kochi,Busy
dizziness,Neurology,Dr_Neu_10,Medical College Kochi,Kochi,Busy
joint pain,Orthopedics,Dr_Ort_11,City Hospital Kochi,Kochi,Available
fracture,Orthopedics,Dr_Ort_11,City Hospital Kochi,Kochi,Available
back pain,Orthopedics,Dr_Ort_11,City Hospital Kochi,Kochi,Available
joint pain,Orthopedics,Dr_Ort_12,Care Hospital Kochi,Kochi,Available
fracture,Orthopedics,Dr_Ort_12,Care Hospital Kochi,Kochi,Available
back pain,Orthopedics,Dr_Ort_12,Care Hospital Kochi,Kochi,Available
joint pain,Orthopedics,Dr_Ort_13,Aster Hospital Kochi,Kochi,Busy
fracture,Orthopedics,Dr_Ort_13,Aster Hospital Kochi,Kochi,Busy
back pain,Orthopedics,Dr_Ort_13,Aster Hospital Kochi,Kochi,Busy
joint pain,Orthopedics,Dr_Ort_14,City Hospital Kochi,Kochi,Busy
fracture,Orthopedics,Dr_Ort_14,City Hospital Kochi,Kochi,Busy
back pain,Orthopedics,Dr_Ort_14,City Hospital Kochi,Kochi,Busy
joint pain,Orthopedics,Dr_Ort_15,General Hospital Kochi,Kochi,Available
fracture,Orthopedics,Dr_Ort_15,General Hospital Kochi,Kochi,Available
back pain,Orthopedics,Dr_Ort_15,General Hospital Kochi,Kochi,Available
skin rash,Dermatology,Dr_Der_16,General Hospital Kochi,Kochi,Busy
acne,Dermatology,Dr_Der_16,General Hospital Kochi,Kochi,Busy
allergy,Dermatology,Dr_Der_16,General Hospital Kochi,Kochi,Busy
skin rash,Dermatology,Dr_Der_17,Sunrise Hospital Kochi,Kochi,Available
acne,Dermatology,Dr_Der_17,Sunrise Hospital Kochi,Kochi,Available
allergy,Dermatology,Dr_Der_17,Sunrise Hospital Kochi,Kochi,Available
skin rash,Dermatology,Dr_Der_18,City Hospital Kochi,Kochi,Available
acne,Dermatology,Dr_Der_18,City Hospital Kochi,Kochi,Available
allergy,Dermatology,Dr_Der_18,City Hospital Kochi,Kochi,Available
skin rash,Dermatology,Dr_Der_19,Care Hospital Kochi,Kochi,Available
acne,Dermatology,Dr_Der_19,Care Hospital Kochi,Kochi,Available
allergy,Dermatology,Dr_Der_19,Care Hospital Kochi,Kochi,Available
skin rash,Dermatology,Dr_Der_20,Aster Hospital Kochi,Kochi,Available
acne,Dermatology,Dr_Der_20,Aster Hospital Kochi,Kochi,Available
allergy,Dermatology,Dr_Der_20,Aster Hospital Kochi,Kochi,Available
child fever,Pediatrics,Dr_Ped_21,Medical College Kochi,Kochi,Available
child cold,Pediatrics,Dr_Ped_21,Medical College Kochi,Kochi,Available
child fever,Pediatrics,Dr_Ped_22,City Hospital Kochi,Kochi,Busy
child cold,Pediatrics,Dr_Ped_22,City Hospital Kochi,Kochi,Busy
child fever,Pediatrics,Dr_Ped_23,Care Hospital Kochi,Kochi,Busy
child cold,Pediatrics,Dr_Ped_23,Care Hospital Kochi,Kochi,Busy
child fever,Pediatrics,Dr_Ped_24,Care Hospital Kochi,Kochi,Available
child cold,Pediatrics,Dr_Ped_24,Care Hospital Kochi,Kochi,Available
child fever,Pediatrics,Dr_Ped_25,General Hospital Kochi,Kochi,Available
child cold,Pediatrics,Dr_Ped_25,General Hospital Kochi,Kochi,Available
fever,General Medicine,Dr_Gen_26,General Hospital Kochi,Kochi,Available
cold,General Medicine,Dr_Gen_26,General Hospital Kochi,Kochi,Available
infection,General Medicine,Dr_Gen_26,General Hospital Kochi,Kochi,Available
fever,General Medicine,Dr_Gen_27,City Hospital Kochi,Kochi,Busy
cold,General Medicine,Dr_Gen_27,City Hospital Kochi,Kochi,Busy
infection,General Medicine,Dr_Gen_27,City Hospital Kochi,Kochi,Busy
fever,General Medicine,Dr_Gen_28,Care Hospital Kochi,Kochi,Busy
cold,General Medicine,Dr_Gen_28,Care Hospital Kochi,Kochi,Busy
infection,General Medicine,Dr_Gen_28,Care Hospital Kochi,Kochi,Busy
fever,General Medicine,Dr_Gen_29,General Hospital Kochi,Kochi,Available
cold,General Medicine,Dr_Gen_29,General Hospital Kochi,Kochi,Available
infection,General Medicine,Dr_Gen_29,General Hospital Kochi,Kochi,Available
fever,General Medicine,Dr_Gen_30,General Hospital Kochi,Kochi,Available
cold,General Medicine,Dr_Gen_30,General Hospital Kochi,Kochi,Available
infection,General Medicine,Dr_Gen_30,General Hospital Kochi,Kochi,Available
chest pain,Cardiology,Dr_Car_31,Medical College Ernakulam,Ernakulam,Busy
heart problem,Cardiology,Dr_Car_31,Medical College Ernakulam,Ernakulam,Busy
palpitations,Cardiology,Dr_Car_31,Medical College Ernakulam,Ernakulam,Busy
chest pain,Cardiology,Dr_Car_32,Medical College Ernakulam,Ernakulam,Available
heart problem,Cardiology,Dr_Car_32,Medical College Ernakulam,Ernakulam,Available
palpitations,Cardiology,Dr_Car_32,Medical College Ernakulam,Ernakulam,Available
chest pain,Cardiology,Dr_Car_33,City Hospital Ernakulam,Ernakulam,Busy
heart problem,Cardiology,Dr_Car_33,City Hospital Ernakulam,Ernakulam,Busy
palpitations,Cardiology,Dr_Car_33,City Hospital Ernakulam,Ernakulam,Busy
chest pain,Cardiology,Dr_Car_34,General Hospital Ernakulam,Ernakulam,Available
heart problem,Cardiology,Dr_Car_34,General Hospital Ernakulam,Ernakulam,Available
palpitations,Cardiology,Dr_Car_34,General Hospital Ernakulam,Ernakulam,Available
chest pain,Cardiology,Dr_Car_35,City Hospital Ernakulam,Ernakulam,Available
heart problem,Cardiology,Dr_Car_35,City Hospital Ernakulam,Ernakulam,Available
palpitations,Cardiology,Dr_Car_35,City Hospital Ernakulam,Ernakulam,Available
headache,Neurology,Dr_Neu_36,Medical College Ernakulam,Ernakulam,Available
migraine,Neurology,Dr_Neu_36,Medical College Ernakulam,Ernakulam,Available
dizziness,Neurology,Dr_Neu_36,Medical College Ernakulam,Ernakulam,Available
headache,Neurology,Dr_Neu_37,General Hospital Ernakulam,Ernakulam,Available
migraine,Neurology,Dr_Neu_37,General Hospital Ernakulam,Ernakulam,Available
dizziness,Neurology,Dr_Neu_37,General Hospital Ernakulam,Ernakulam,Available
headache,Neurology,Dr_Neu_38,Care Hospital Ernakulam,Ernakulam,Busy
migraine,Neurology,Dr_Neu_38,Care Hospital Ernakulam,Ernakulam,Busy
dizziness,Neurology,Dr_Neu_38,Care Hospital Ernakulam,Ernakulam,Busy
headache,Neurology,Dr_Neu_39,Medical College Ernakulam,Ernakulam,Available
migraine,Neurology,Dr_Neu_39,Medical College Ernakulam,Ernakulam,Available
dizziness,Neurology,Dr_Neu_39,Medical College Ernakulam,Ernakulam,Available
headache,Neurology,Dr_Neu_40,Medical College Ernakulam,Ernakulam,Available
migraine,Neurology,Dr_Neu_40,Medical College Ernakulam,Ernakulam,Available
dizziness,Neurology,Dr_Neu_40,Medical College Ernakulam,Ernakulam,Available
joint pain,Orthopedics,Dr_Ort_41,Medical College Ernakulam,Ernakulam,Available
fracture,Orthopedics,Dr_Ort_41,Medical College Ernakulam,Ernakulam,Available
back pain,Orthopedics,Dr_Ort_41,Medical College Ernakulam,Ernakulam,Available
joint pain,Orthopedics,Dr_Ort_42,General Hospital Ernakulam,Ernakulam,Busy
fracture,Orthopedics,Dr_Ort_42,General Hospital Ernakulam,Ernakulam,Busy
back pain,Orthopedics,Dr_Ort_42,General Hospital Ernakulam,Ernakulam,Busy
joint pain,Orthopedics,Dr_Ort_43,Medical College Ernakulam,Ernakulam,Busy
fracture,Orthopedics,Dr_Ort_43,Medical College Ernakulam,Ernakulam,Busy
back pain,Orthopedics,Dr_Ort_43,Medical College Ernakulam,Ernakulam,Busy
joint pain,Orthopedics,Dr_Ort_44,Sunrise Hospital Ernakulam,Ernakulam,Busy
fracture,Orthopedics,Dr_Ort_44,Sunrise Hospital Ernakulam,Ernakulam,Busy
back pain,Orthopedics,Dr_Ort_44,Sunrise Hospital Ernakulam,Ernakulam,Busy
joint pain,Orthopedics,Dr_Ort_45,Sunrise Hospital Ernakulam,Ernakulam,Available
fracture,Orthopedics,Dr_Ort_45,Sunrise Hospital Ernakulam,Ernakulam,Available
back pain,Orthopedics,Dr_Ort_45,Sunrise Hospital Ernakulam,Ernakulam,Available
skin rash,Dermatology,Dr_Der_46,Aster Hospital Ernakulam,Ernakulam,Busy
acne,Dermatology,Dr_Der_46,Aster Hospital Ernakulam,Ernakulam,Busy
allergy,Dermatology,Dr_Der_46,Aster Hospital Ernakulam,Ernakulam,Busy
skin rash,Dermatology,Dr_Der_47,Care Hospital Ernakulam,Ernakulam,Available
acne,Dermatology,Dr_Der_47,Care Hospital Ernakulam,Ernakulam,Available
allergy,Dermatology,Dr_Der_47,Care Hospital Ernakulam,Ernakulam,Available
skin rash,Dermatology,Dr_Der_48,Sunrise Hospital Ernakulam,Ernakulam,Busy
acne,Dermatology,Dr_Der_48,Sunrise Hospital Ernakulam,Ernakulam,Busy
allergy,Dermatology,Dr_Der_48,Sunrise Hospital Ernakulam,Ernakulam,Busy
skin rash,Dermatology,Dr_Der_49,Sunrise Hospital Ernakulam,Ernakulam,Busy
acne,Dermatology,Dr_Der_49,Sunrise Hospital Ernakulam,Ernakulam,Busy
allergy,Dermatology,Dr_Der_49,Sunrise Hospital Ernakulam,Ernakulam,Busy
skin rash,Dermatology,Dr_Der_50,Sunrise Hospital Ernakulam,Ernakulam,Busy
acne,Dermatology,Dr_Der_50,Sunrise Hospital Ernakulam,Ernakulam,Busy
allergy,Dermatology,Dr_Der_50,Sunrise Hospital Ernakulam,Ernakulam,Busy
child fever,Pediatrics,Dr_Ped_51,Care Hospital Ernakulam,Ernakulam,Available
child cold,Pediatrics,Dr_Ped_51,Care Hospital Ernakulam,Ernakulam,Available
child fever,Pediatrics,Dr_Ped_52,Care Hospital Ernakulam,Ernakulam,Available
child cold,Pediatrics,Dr_Ped_52,Care Hospital Ernakulam,Ernakulam,Available
child fever,Pediatrics,Dr_Ped_53,General Hospital Ernakulam,Ernakulam,Busy
child cold,Pediatrics,Dr_Ped_53,General Hospital Ernakulam,Ernakulam,Busy
child fever,Pediatrics,Dr_Ped_54,Sunrise Hospital Ernakulam,Ernakulam,Available
child cold,Pediatrics,Dr_Ped_54,Sunrise Hospital Ernakulam,Ernakulam,Available
child fever,Pediatrics,Dr_Ped_55,General Hospital Ernakulam,Ernakulam,Available
child cold,Pediatrics,Dr_Ped_55,General Hospital Ernakulam,Ernakulam,Available
fever,General Medicine,Dr_Gen_56,City Hospital Ernakulam,Ernakulam,Busy
cold,General Medicine,Dr_Gen_56,City Hospital Ernakulam,Ernakulam,Busy
infection,General Medicine,Dr_Gen_56,City Hospital Ernakulam,Ernakulam,Busy
fever,General Medicine,Dr_Gen_57,General Hospital Ernakulam,Ernakulam,Available
cold,General Medicine,Dr_Gen_57,General Hospital Ernakulam,Ernakulam,Available
infection,General Medicine,Dr_Gen_57,General Hospital Ernakulam,Ernakulam,Available
fever,General Medicine,Dr_Gen_58,General Hospital Ernakulam,Ernakulam,Available
cold,General Medicine,Dr_Gen_58,General Hospital Ernakulam,Ernakulam,Available
infection,General Medicine,Dr_Gen_58,General Hospital Ernakulam,Ernakulam,Available
fever,General Medicine,Dr_Gen_59,General Hospital Ernakulam,Ernakulam,Available
cold,General Medicine,Dr_Gen_59,General Hospital Ernakulam,Ernakulam,Available
infection,General Medicine,Dr_Gen_59,General Hospital Ernakulam,Ernakulam,Available
fever,General Medicine,Dr_Gen_60,Care Hospital Ernakulam,Ernakulam,Busy
cold,General Medicine,Dr_Gen_60,Care Hospital Ernakulam,Ernakulam,Busy
infection,General Medicine,Dr_Gen_60,Care Hospital Ernakulam,Ernakulam,Busy
chest pain,Cardiology,Dr_Car_61,Aster Hospital Aluva,Aluva,Busy
heart problem,Cardiology,Dr_Car_61,Aster Hospital Aluva,Aluva,Busy
palpitations,Cardiology,Dr_Car_61,Aster Hospital Aluva,Aluva,Busy
chest pain,Cardiology,Dr_Car_62,Medical College Aluva,Aluva,Busy
heart problem,Cardiology,Dr_Car_62,Medical College Aluva,Aluva,Busy
palpitations,Cardiology,Dr_Car_62,Medical College Aluva,Aluva,Busy
chest pain,Cardiology,Dr_Car_63,General Hospital Aluva,Aluva,Available
heart problem,Cardiology,Dr_Car_63,General Hospital Aluva,Aluva,Available
palpitations,Cardiology,Dr_Car_63,General Hospital Aluva,Aluva,Available
chest pain,Cardiology,Dr_Car_64,Aster Hospital Aluva,Aluva,Available
heart problem,Cardiology,Dr_Car_64,Aster Hospital Aluva,Aluva,Available
palpitations,Cardiology,Dr_Car_64,Aster Hospital Aluva,Aluva,Available
chest pain,Cardiology,Dr_Car_65,Sunrise Hospital Aluva,Aluva,Busy
heart problem,Cardiology,Dr_Car_65,Sunrise Hospital Aluva,Aluva,Busy
palpitations,Cardiology,Dr_Car_65,Sunrise Hospital Aluva,Aluva,Busy
headache,Neurology,Dr_Neu_66,General Hospital Aluva,Aluva,Available
migraine,Neurology,Dr_Neu_66,General Hospital Aluva,Aluva,Available
dizziness,Neurology,Dr_Neu_66,General Hospital Aluva,Aluva,Available
headache,Neurology,Dr_Neu_67,Sunrise Hospital Aluva,Aluva,Busy
migraine,Neurology,Dr_Neu_67,Sunrise Hospital Aluva,Aluva,Busy
dizziness,Neurology,Dr_Neu_67,Sunrise Hospital Aluva,Aluva,Busy
headache,Neurology,Dr_Neu_68,City Hospital Aluva,Aluva,Available
migraine,Neurology,Dr_Neu_68,City Hospital Aluva,Aluva,Available
dizziness,Neurology,Dr_Neu_68,City Hospital Aluva,Aluva,Available
headache,Neurology,Dr_Neu_69,Aster Hospital Aluva,Aluva,Available
migraine,Neurology,Dr_Neu_69,Aster Hospital Aluva,Aluva,Available
dizziness,Neurology,Dr_Neu_69,Aster Hospital Aluva,Aluva,Available
headache,Neurology,Dr_Neu_70,General Hospital Aluva,Aluva,Available
migraine,Neurology,Dr_Neu_70,General Hospital Aluva,Aluva,Available
dizziness,Neurology,Dr_Neu_70,General Hospital Aluva,Aluva,Available
joint pain,Orthopedics,Dr_Ort_71,Care Hospital Aluva,Aluva,Busy
fracture,Orthopedics,Dr_Ort_71,Care Hospital Aluva,Aluva,Busy
back pain,Orthopedics,Dr_Ort_71,Care Hospital Aluva,Aluva,Busy
joint pain,Orthopedics,Dr_Ort_72,Sunrise Hospital Aluva,Aluva,Available
fracture,Orthopedics,Dr_Ort_72,Sunrise Hospital Aluva,Aluva,Available
back pain,Orthopedics,Dr_Ort_72,Sunrise Hospital Aluva,Aluva,Available
joint pain,Orthopedics,Dr_Ort_73,Sunrise Hospital Aluva,Aluva,Busy
fracture,Orthopedics,Dr_Ort_73,Sunrise Hospital Aluva,Aluva,Busy
back pain,Orthopedics,Dr_Ort_73,Sunrise Hospital Aluva,Aluva,Busy
joint pain,Orthopedics,Dr_Ort_74,General Hospital Aluva,Aluva,Available
fracture,Orthopedics,Dr_Ort_74,General Hospital Aluva,Aluva,Available
back pain,Orthopedics,Dr_Ort_74,General Hospital Aluva,Aluva,Available
joint pain,Orthopedics,Dr_Ort_75,Sunrise Hospital Aluva,Aluva,Available
fracture,Orthopedics,Dr_Ort_75,Sunrise Hospital Aluva,Aluva,Available
back pain,Orthopedics,Dr_Ort_75,Sunrise Hospital Aluva,Aluva,Available
skin rash,Dermatology,Dr_Der_76,Medical College Aluva,Aluva,Available
acne,Dermatology,Dr_Der_76,Medical College Aluva,Aluva,Available
allergy,Dermatology,Dr_Der_76,Medical College Aluva,Aluva,Available
skin rash,Dermatology,Dr_Der_77,General Hospital Aluva,Aluva,Busy
acne,Dermatology,Dr_Der_77,General Hospital Aluva,Aluva,Busy
allergy,Dermatology,Dr_Der_77,General Hospital Aluva,Aluva,Busy
skin rash,Dermatology,Dr_Der_78,Aster Hospital Aluva,Aluva,Available
acne,Dermatology,Dr_Der_78,Aster Hospital Aluva,Aluva,Available
allergy,Dermatology,Dr_Der_78,Aster Hospital Aluva,Aluva,Available
skin rash,Dermatology,Dr_Der_79,Sunrise Hospital Aluva,Aluva,Busy
acne,Dermatology,Dr_Der_79,Sunrise Hospital Aluva,Aluva,Busy
allergy,Dermatology,Dr_Der_79,Sunrise Hospital Aluva,Aluva,Busy
skin rash,Dermatology,Dr_Der_80,Sunrise Hospital Aluva,Aluva,Available
acne,Dermatology,Dr_Der_80,Sunrise Hospital Aluva,Aluva,Available
allergy,Dermatology,Dr_Der_80,Sunrise Hospital Aluva,Aluva,Available
child fever,Pediatrics,Dr_Ped_81,Sunrise Hospital Aluva,Aluva,Available
child cold,Pediatrics,Dr_Ped_81,Sunrise Hospital Aluva,Aluva,Available
child fever,Pediatrics,Dr_Ped_82,Sunrise Hospital Aluva,Aluva,Available
child cold,Pediatrics,Dr_Ped_82,Sunrise Hospital Aluva,Aluva,Available
child fever,Pediatrics,Dr_Ped_83,City Hospital Aluva,Aluva,Busy
child cold,Pediatrics,Dr_Ped_83,City Hospital Aluva,Aluva,Busy
child fever,Pediatrics,Dr_Ped_84,Medical College Aluva,Aluva,Busy
child cold,Pediatrics,Dr_Ped_84,Medical College Aluva,Aluva,Busy
child fever,Pediatrics,Dr_Ped_85,Care Hospital Aluva,Aluva,Available
child cold,Pediatrics,Dr_Ped_85,Care Hospital Aluva,Aluva,Available
fever,General Medicine,Dr_Gen_86,Aster Hospital Aluva,Aluva,Available
cold,General Medicine,Dr_Gen_86,Aster Hospital Aluva,Aluva,Available
infection,General Medicine,Dr_Gen_86,Aster Hospital Aluva,Aluva,Available
fever,General Medicine,Dr_Gen_87,General Hospital Aluva,Aluva,Busy
cold,General Medicine,Dr_Gen_87,General Hospital Aluva,Aluva,Busy
infection,General Medicine,Dr_Gen_87,General Hospital Aluva,Aluva,Busy
fever,General Medicine,Dr_Gen_88,Care Hospital Aluva,Aluva,Available
cold,General Medicine,Dr_Gen_88,Care Hospital Aluva,Aluva,Available
infection,General Medicine,Dr_Gen_88,Care Hospital Aluva,Aluva,Available
fever,General Medicine,Dr_Gen_89,General Hospital Aluva,Aluva,Available
cold,General Medicine,Dr_Gen_89,General Hospital Aluva,Aluva,Available
infection,General Medicine,Dr_Gen_89,General Hospital Aluva,Aluva,Available
fever,General Medicine,Dr_Gen_90,General Hospital Aluva,Aluva,Busy
cold,General Medicine,Dr_Gen_90,General Hospital Aluva,Aluva,Busy
infection,General Medicine,Dr_Gen_90,General Hospital Aluva,Aluva,Busy
chest pain,Cardiology,Dr_Car_91,City Hospital Kozhikode,Kozhikode,Available
heart problem,Cardiology,Dr_Car_91,City Hospital Kozhikode,Kozhikode,Available
palpitations,Cardiology,Dr_Car_91,City Hospital Kozhikode,Kozhikode,Available
chest pain,Cardiology,Dr_Car_92,Sunrise Hospital Kozhikode,Kozhikode,Available
heart problem,Cardiology,Dr_Car_92,Sunrise Hospital Kozhikode,Kozhikode,Available
palpitations,Cardiology,Dr_Car_92,Sunrise Hospital Kozhikode,Kozhikode,Available
chest pain,Cardiology,Dr_Car_93,Care Hospital Kozhikode,Kozhikode,Busy
heart problem,Cardiology,Dr_Car_93,Care Hospital Kozhikode,Kozhikode,Busy
palpitations,Cardiology,Dr_Car_93,Care Hospital Kozhikode,Kozhikode,Busy
chest pain,Cardiology,Dr_Car_94,Sunrise Hospital Kozhikode,Kozhikode,Busy
heart problem,Cardiology,Dr_Car_94,Sunrise Hospital Kozhikode,Kozhikode,Busy
palpitations,Cardiology,Dr_Car_94,Sunrise Hospital Kozhikode,Kozhikode,Busy
chest pain,Cardiology,Dr_Car_95,Sunrise Hospital Kozhikode,Kozhikode,Busy
heart problem,Cardiology,Dr_Car_95,Sunrise Hospital Kozhikode,Kozhikode,Busy
palpitations,Cardiology,Dr_Car_95,Sunrise Hospital Kozhikode,Kozhikode,Busy
headache,Neurology,Dr_Neu_96,City Hospital Kozhikode,Kozhikode,Available
migraine,Neurology,Dr_Neu_96,City Hospital Kozhikode,Kozhikode,Available
dizziness,Neurology,Dr_Neu_96,City Hospital Kozhikode,Kozhikode,Available
headache,Neurology,Dr_Neu_97,Sunrise Hospital Kozhikode,Kozhikode,Available
migraine,Neurology,Dr_Neu_97,Sunrise Hospital Kozhikode,Kozhikode,Available
dizziness,Neurology,Dr_Neu_97,Sunrise Hospital Kozhikode,Kozhikode,Available
headache,Neurology,Dr_Neu_98,Sunrise Hospital Kozhikode,Kozhikode,Available
migraine,Neurology,Dr_Neu_98,Sunrise Hospital Kozhikode,Kozhikode,Available
dizziness,Neurology,Dr_Neu_98,Sunrise Hospital Kozhikode,Kozhikode,Available
headache,Neurology,Dr_Neu_99,Aster Hospital Kozhikode,Kozhikode,Available
migraine,Neurology,Dr_Neu_99,Aster Hospital Kozhikode,Kozhikode,Available
dizziness,Neurology,Dr_Neu_99,Aster Hospital Kozhikode,Kozhikode,Available
headache,Neurology,Dr_Neu_100,Care Hospital Kozhikode,Kozhikode,Busy
migraine,Neurology,Dr_Neu_100,Care Hospital Kozhikode,Kozhikode,Busy
dizziness,Neurology,Dr_Neu_100,Care Hospital Kozhikode,Kozhikode,Busy
joint pain,Orthopedics,Dr_Ort_101,General Hospital Kozhikode,Kozhikode,Available
fracture,Orthopedics,Dr_Ort_101,General Hospital Kozhikode,Kozhikode,Available
back pain,Orthopedics,Dr_Ort_101,General Hospital Kozhikode,Kozhikode,Available
joint pain,Orthopedics,Dr_Ort_102,General Hospital Kozhikode,Kozhikode,Busy
fracture,Orthopedics,Dr_Ort_102,General Hospital Kozhikode,Kozhikode,Busy
back pain,Orthopedics,Dr_Ort_102,General Hospital Kozhikode,Kozhikode,Busy
joint pain,Orthopedics,Dr_Ort_103,General Hospital Kozhikode,Kozhikode,Busy
fracture,Orthopedics,Dr_Ort_103,General Hospital Kozhikode,Kozhikode,Busy
back pain,Orthopedics,Dr_Ort_103,General Hospital Kozhikode,Kozhikode,Busy
joint pain,Orthopedics,Dr_Ort_104,Medical College Kozhikode,Kozhikode,Busy
fracture,Orthopedics,Dr_Ort_104,Medical College Kozhikode,Kozhikode,Busy
back pain,Orthopedics,Dr_Ort_104,Medical College Kozhikode,Kozhikode,Busy
joint pain,Orthopedics,Dr_Ort_105,Medical College Kozhikode,Kozhikode,Busy
fracture,Orthopedics,Dr_Ort_105,Medical College Kozhikode,Kozhikode,Busy
back pain,Orthopedics,Dr_Ort_105,Medical College Kozhikode,Kozhikode,Busy
skin rash,Dermatology,Dr_Der_106,Care Hospital Kozhikode,Kozhikode,Available
acne,Dermatology,Dr_Der_106,Care Hospital Kozhikode,Kozhikode,Available
allergy,Dermatology,Dr_Der_106,Care Hospital Kozhikode,Kozhikode,Available
skin rash,Dermatology,Dr_Der_107,Aster Hospital Kozhikode,Kozhikode,Available
acne,Dermatology,Dr_Der_107,Aster Hospital Kozhikode,Kozhikode,Available
allergy,Dermatology,Dr_Der_107,Aster Hospital Kozhikode,Kozhikode,Available
skin rash,Dermatology,Dr_Der_108,Aster Hospital Kozhikode,Kozhikode,Available
acne,Dermatology,Dr_Der_108,Aster Hospital Kozhikode,Kozhikode,Available
allergy,Dermatology,Dr_Der_108,Aster Hospital Kozhikode,Kozhikode,Available
skin rash,Dermatology,Dr_Der_109,Care Hospital Kozhikode,Kozhikode,Available
acne,Dermatology,Dr_Der_109,Care Hospital Kozhikode,Kozhikode,Available
allergy,Dermatology,Dr_Der_109,Care Hospital Kozhikode,Kozhikode,Available
skin rash,Dermatology,Dr_Der_110,Aster Hospital Kozhikode,Kozhikode,Available
acne,Dermatology,Dr_Der_110,Aster Hospital Kozhikode,Kozhikode,Available
allergy,Dermatology,Dr_Der_110,Aster Hospital Kozhikode,Kozhikode,Available
child fever,Pediatrics,Dr_Ped_111,City Hospital Kozhikode,Kozhikode,Available
child cold,Pediatrics,Dr_Ped_111,City Hospital Kozhikode,Kozhikode,Available
child fever,Pediatrics,Dr_Ped_112,City Hospital Kozhikode,Kozhikode,Available
child cold,Pediatrics,Dr_Ped_112,City Hospital Kozhikode,Kozhikode,Available
child fever,Pediatrics,Dr_Ped_113,Medical College Kozhikode,Kozhikode,Busy
child cold,Pediatrics,Dr_Ped_113,Medical College Kozhikode,Kozhikode,Busy
child fever,Pediatrics,Dr_Ped_114,Aster Hospital Kozhikode,Kozhikode,Available
child cold,Pediatrics,Dr_Ped_114,Aster Hospital Kozhikode,Kozhikode,Available
child fever,Pediatrics,Dr_Ped_115,Sunrise Hospital Kozhikode,Kozhikode,Available
child cold,Pediatrics,Dr_Ped_115,Sunrise Hospital Kozhikode,Kozhikode,Available
fever,General Medicine,Dr_Gen_116,Medical College Kozhikode,Kozhikode,Available
cold,General Medicine,Dr_Gen_116,Medical College Kozhikode,Kozhikode,Available
infection,General Medicine,Dr_Gen_116,Medical College Kozhikode,Kozhikode,Available
fever,General Medicine,Dr_Gen_117,Medical College Kozhikode,Kozhikode,Busy
cold,General Medicine,Dr_Gen_117,Medical College Kozhikode,Kozhikode,Busy
infection,General Medicine,Dr_Gen_117,Medical College Kozhikode,Kozhikode,Busy
fever,General Medicine,Dr_Gen_118,City Hospital Kozhikode,Kozhikode,Available
cold,General Medicine,Dr_Gen_118,City Hospital Kozhikode,Kozhikode,Available
infection,General Medicine,Dr_Gen_118,City Hospital Kozhikode,Kozhikode,Available
fever,General Medicine,Dr_Gen_119,Sunrise Hospital Kozhikode,Kozhikode,Available
cold,General Medicine,Dr_Gen_119,Sunrise Hospital Kozhikode,Kozhikode,Available
infection,General Medicine,Dr_Gen_119,Sunrise Hospital Kozhikode,Kozhikode,Available
fever,General Medicine,Dr_Gen_120,Care Hospital Kozhikode,Kozhikode,Busy
cold,General Medicine,Dr_Gen_120,Care Hospital Kozhikode,Kozhikode,Busy
infection,General Medicine,Dr_Gen_120,Care Hospital Kozhikode,Kozhikode,Busy
chest pain,Cardiology,Dr_Car_121,Care Hospital Thrissur,Thrissur,Available
heart problem,Cardiology,Dr_Car_121,Care Hospital Thrissur,Thrissur,Available
palpitations,Cardiology,Dr_Car_121,Care Hospital Thrissur,Thrissur,Available
chest pain,Cardiology,Dr_Car_122,City Hospital Thrissur,Thrissur,Busy
heart problem,Cardiology,Dr_Car_122,City Hospital Thrissur,Thrissur,Busy
palpitations,Cardiology,Dr_Car_122,City Hospital Thrissur,Thrissur,Busy
chest pain,Cardiology,Dr_Car_123,General Hospital Thrissur,Thrissur,Busy
heart problem,Cardiology,Dr_Car_123,General Hospital Thrissur,Thrissur,Busy
palpitations,Cardiology,Dr_Car_123,General Hospital Thrissur,Thrissur,Busy
chest pain,Cardiology,Dr_Car_124,Care Hospital Thrissur,Thrissur,Available
heart problem,Cardiology,Dr_Car_124,Care Hospital Thrissur,Thrissur,Available
palpitations,Cardiology,Dr_Car_124,Care Hospital Thrissur,Thrissur,Available
chest pain,Cardiology,Dr_Car_125,Aster Hospital Thrissur,Thrissur,Available
heart problem,Cardiology,Dr_Car_125,Aster Hospital Thrissur,Thrissur,Available
palpitations,Cardiology,Dr_Car_125,Aster Hospital Thrissur,Thrissur,Available
headache,Neurology,Dr_Neu_126,City Hospital Thrissur,Thrissur,Available
migraine,Neurology,Dr_Neu_126,City Hospital Thrissur,Thrissur,Available
dizziness,Neurology,Dr_Neu_126,City Hospital Thrissur,Thrissur,Available
headache,Neurology,Dr_Neu_127,Medical College Thrissur,Thrissur,Busy
migraine,Neurology,Dr_Neu_127,Medical College Thrissur,Thrissur,Busy
dizziness,Neurology,Dr_Neu_127,Medical College Thrissur,Thrissur,Busy
headache,Neurology,Dr_Neu_128,General Hospital Thrissur,Thrissur,Busy
migraine,Neurology,Dr_Neu_128,General Hospital Thrissur,Thrissur,Busy
dizziness,Neurology,Dr_Neu_128,General Hospital Thrissur,Thrissur,Busy
headache,Neurology,Dr_Neu_129,Medical College Thrissur,Thrissur,Available
migraine,Neurology,Dr_Neu_129,Medical College Thrissur,Thrissur,Available
dizziness,Neurology,Dr_Neu_129,Medical College Thrissur,Thrissur,Available
headache,Neurology,Dr_Neu_130,Aster Hospital Thrissur,Thrissur,Available
migraine,Neurology,Dr_Neu_130,Aster Hospital Thrissur,Thrissur,Available
dizziness,Neurology,Dr_Neu_130,Aster Hospital Thrissur,Thrissur,Available
joint pain,Orthopedics,Dr_Ort_131,General Hospital Thrissur,Thrissur,Available
fracture,Orthopedics,Dr_Ort_131,General Hospital Thrissur,Thrissur,Available
back pain,Orthopedics,Dr_Ort_131,General Hospital Thrissur,Thrissur,Available
joint pain,Orthopedics,Dr_Ort_132,Sunrise Hospital Thrissur,Thrissur,Busy
fracture,Orthopedics,Dr_Ort_132,Sunrise Hospital Thrissur,Thrissur,Busy
back pain,Orthopedics,Dr_Ort_132,Sunrise Hospital Thrissur,Thrissur,Busy
joint pain,Orthopedics,Dr_Ort_133,General Hospital Thrissur,Thrissur,Busy
fracture,Orthopedics,Dr_Ort_133,General Hospital Thrissur,Thrissur,Busy
back pain,Orthopedics,Dr_Ort_133,General Hospital Thrissur,Thrissur,Busy
joint pain,Orthopedics,Dr_Ort_134,Sunrise Hospital Thrissur,Thrissur,Available
fracture,Orthopedics,Dr_Ort_134,Sunrise Hospital Thrissur,Thrissur,Available
back pain,Orthopedics,Dr_Ort_134,Sunrise Hospital Thrissur,Thrissur,Available
joint pain,Orthopedics,Dr_Ort_135,Aster Hospital Thrissur,Thrissur,Busy
fracture,Orthopedics,Dr_Ort_135,Aster Hospital Thrissur,Thrissur,Busy
back pain,Orthopedics,Dr_Ort_135,Aster Hospital Thrissur,Thrissur,Busy
skin rash,Dermatology,Dr_Der_136,Aster Hospital Thrissur,Thrissur,Busy
acne,Dermatology,Dr_Der_136,Aster Hospital Thrissur,Thrissur,Busy
allergy,Dermatology,Dr_Der_136,Aster Hospital Thrissur,Thrissur,Busy
skin rash,Dermatology,Dr_Der_137,City Hospital Thrissur,Thrissur,Busy
acne,Dermatology,Dr_Der_137,City Hospital Thrissur,Thrissur,Busy
allergy,Dermatology,Dr_Der_137,City Hospital Thrissur,Thrissur,Busy
skin rash,Dermatology,Dr_Der_138,Care Hospital Thrissur,Thrissur,Busy
acne,Dermatology,Dr_Der_138,Care Hospital Thrissur,Thrissur,Busy
allergy,Dermatology,Dr_Der_138,Care Hospital Thrissur,Thrissur,Busy
skin rash,Dermatology,Dr_Der_139,General Hospital Thrissur,Thrissur,Busy
acne,Dermatology,Dr_Der_139,General Hospital Thrissur,Thrissur,Busy
allergy,Dermatology,Dr_Der_139,General Hospital Thrissur,Thrissur,Busy
skin rash,Dermatology,Dr_Der_140,Sunrise Hospital Thrissur,Thrissur,Available
acne,Dermatology,Dr_Der_140,Sunrise Hospital Thrissur,Thrissur,Available
allergy,Dermatology,Dr_Der_140,Sunrise Hospital Thrissur,Thrissur,Available
child fever,Pediatrics,Dr_Ped_141,City Hospital Thrissur,Thrissur,Busy
child cold,Pediatrics,Dr_Ped_141,City Hospital Thrissur,Thrissur,Busy
child fever,Pediatrics,Dr_Ped_142,Care Hospital Thrissur,Thrissur,Available
child cold,Pediatrics,Dr_Ped_142,Care Hospital Thrissur,Thrissur,Available
child fever,Pediatrics,Dr_Ped_143,City Hospital Thrissur,Thrissur,Available
child cold,Pediatrics,Dr_Ped_143,City Hospital Thrissur,Thrissur,Available
child fever,Pediatrics,Dr_Ped_144,Care Hospital Thrissur,Thrissur,Busy
child cold,Pediatrics,Dr_Ped_144,Care Hospital Thrissur,Thrissur,Busy
child fever,Pediatrics,Dr_Ped_145,City Hospital Thrissur,Thrissur,Busy
child cold,Pediatrics,Dr_Ped_145,City Hospital Thrissur,Thrissur,Busy
fever,General Medicine,Dr_Gen_146,Care Hospital Thrissur,Thrissur,Available
cold,General Medicine,Dr_Gen_146,Care Hospital Thrissur,Thrissur,Available
infection,General Medicine,Dr_Gen_146,Care Hospital Thrissur,Thrissur,Available
fever,General Medicine,Dr_Gen_147,Sunrise Hospital Thrissur,Thrissur,Available
cold,General Medicine,Dr_Gen_147,Sunrise Hospital Thrissur,Thrissur,Available
infection,General Medicine,Dr_Gen_147,Sunrise Hospital Thrissur,Thrissur,Available
fever,General Medicine,Dr_Gen_148,Aster Hospital Thrissur,Thrissur,Available
cold,General Medicine,Dr_Gen_148,Aster Hospital Thrissur,Thrissur,Available
infection,General Medicine,Dr_Gen_148,Aster Hospital Thrissur,Thrissur,Available
fever,General Medicine,Dr_Gen_149,Care Hospital Thrissur,Thrissur,Available
cold,General Medicine,Dr_Gen_149,Care Hospital Thrissur,Thrissur,Available
infection,General Medicine,Dr_Gen_149,Care Hospital Thrissur,Thrissur,Available
fever,General Medicine,Dr_Gen_150,Care Hospital Thrissur,Thrissur,Available
cold,General Medicine,Dr_Gen_150,Care Hospital Thrissur,Thrissur,Available
infection,General Medicine,Dr_Gen_150,Care Hospital Thrissur,Thrissur,Available
chest pain,Cardiology,Dr_Car_151,General Hospital Trivandrum,Trivandrum,Available
heart problem,Cardiology,Dr_Car_151,General Hospital Trivandrum,Trivandrum,Available
palpitations,Cardiology,Dr_Car_151,General Hospital Trivandrum,Trivandrum,Available
chest pain,Cardiology,Dr_Car_152,Care Hospital Trivandrum,Trivandrum,Busy
heart problem,Cardiology,Dr_Car_152,Care Hospital Trivandrum,Trivandrum,Busy
palpitations,Cardiology,Dr_Car_152,Care Hospital Trivandrum,Trivandrum,Busy
chest pain,Cardiology,Dr_Car_153,City Hospital Trivandrum,Trivandrum,Available
heart problem,Cardiology,Dr_Car_153,City Hospital Trivandrum,Trivandrum,Available
palpitations,Cardiology,Dr_Car_153,City Hospital Trivandrum,Trivandrum,Available
chest pain,Cardiology,Dr_Car_154,General Hospital Trivandrum,Trivandrum,Busy
heart problem,Cardiology,Dr_Car_154,General Hospital Trivandrum,Trivandrum,Busy
palpitations,Cardiology,Dr_Car_154,General Hospital Trivandrum,Trivandrum,Busy
chest pain,Cardiology,Dr_Car_155,Medical College Trivandrum,Trivandrum,Available
heart problem,Cardiology,Dr_Car_155,Medical College Trivandrum,Trivandrum,Available
palpitations,Cardiology,Dr_Car_155,Medical College Trivandrum,Trivandrum,Available
headache,Neurology,Dr_Neu_156,Care Hospital Trivandrum,Trivandrum,Busy
migraine,Neurology,Dr_Neu_156,Care Hospital Trivandrum,Trivandrum,Busy
dizziness,Neurology,Dr_Neu_156,Care Hospital Trivandrum,Trivandrum,Busy
headache,Neurology,Dr_Neu_157,Care Hospital Trivandrum,Trivandrum,Busy
migraine,Neurology,Dr_Neu_157,Care Hospital Trivandrum,Trivandrum,Busy
dizziness,Neurology,Dr_Neu_157,Care Hospital Trivandrum,Trivandrum,Busy
headache,Neurology,Dr_Neu_158,Aster Hospital Trivandrum,Trivandrum,Busy
migraine,Neurology,Dr_Neu_158,Aster Hospital Trivandrum,Trivandrum,Busy
dizziness,Neurology,Dr_Neu_158,Aster Hospital Trivandrum,Trivandrum,Busy
headache,Neurology,Dr_Neu_159,Care Hospital Trivandrum,Trivandrum,Busy
migraine,Neurology,Dr_Neu_159,Care Hospital Trivandrum,Trivandrum,Busy
dizziness,Neurology,Dr_Neu_159,Care Hospital Trivandrum,Trivandrum,Busy
headache,Neurology,Dr_Neu_160,City Hospital Trivandrum,Trivandrum,Available
migraine,Neurology,Dr_Neu_160,City Hospital Trivandrum,Trivandrum,Available
dizziness,Neurology,Dr_Neu_160,City Hospital Trivandrum,Trivandrum,Available
joint pain,Orthopedics,Dr_Ort_161,Medical College Trivandrum,Trivandrum,Busy
fracture,Orthopedics,Dr_Ort_161,Medical College Trivandrum,Trivandrum,Busy
back pain,Orthopedics,Dr_Ort_161,Medical College Trivandrum,Trivandrum,Busy
joint pain,Orthopedics,Dr_Ort_162,City Hospital Trivandrum,Trivandrum,Available
fracture,Orthopedics,Dr_Ort_162,City Hospital Trivandrum,Trivandrum,Available
back pain,Orthopedics,Dr_Ort_162,City Hospital Trivandrum,Trivandrum,Available
joint pain,Orthopedics,Dr_Ort_163,Aster Hospital Trivandrum,Trivandrum,Busy
fracture,Orthopedics,Dr_Ort_163,Aster Hospital Trivandrum,Trivandrum,Busy
back pain,Orthopedics,Dr_Ort_163,Aster Hospital Trivandrum,Trivandrum,Busy
joint pain,Orthopedics,Dr_Ort_164,Care Hospital Trivandrum,Trivandrum,Available
fracture,Orthopedics,Dr_Ort_164,Care Hospital Trivandrum,Trivandrum,Available
back pain,Orthopedics,Dr_Ort_164,Care Hospital Trivandrum,Trivandrum,Available
joint pain,Orthopedics,Dr_Ort_165,Sunrise Hospital Trivandrum,Trivandrum,Available
fracture,Orthopedics,Dr_Ort_165,Sunrise Hospital Trivandrum,Trivandrum,Available
back pain,Orthopedics,Dr_Ort_165,Sunrise Hospital Trivandrum,Trivandrum,Available
skin rash,Dermatology,Dr_Der_166,Aster Hospital Trivandrum,Trivandrum,Available
acne,Dermatology,Dr_Der_166,Aster Hospital Trivandrum,Trivandrum,Available
allergy,Dermatology,Dr_Der_166,Aster Hospital Trivandrum,Trivandrum,Available
skin rash,Dermatology,Dr_Der_167,Sunrise Hospital Trivandrum,Trivandrum,Available
acne,Dermatology,Dr_Der_167,Sunrise Hospital Trivandrum,Trivandrum,Available
allergy,Dermatology,Dr_Der_167,Sunrise Hospital Trivandrum,Trivandrum,Available
skin rash,Dermatology,Dr_Der_168,Aster Hospital Trivandrum,Trivandrum,Available
acne,Dermatology,Dr_Der_168,Aster Hospital Trivandrum,Trivandrum,Available
allergy,Dermatology,Dr_Der_168,Aster Hospital Trivandrum,Trivandrum,Available
skin rash,Dermatology,Dr_Der_169,City Hospital Trivandrum,Trivandrum,Available
acne,Dermatology,Dr_Der_169,City Hospital Trivandrum,Trivandrum,Available
allergy,Dermatology,Dr_Der_169,City Hospital Trivandrum,Trivandrum,Available
skin rash,Dermatology,Dr_Der_170,Sunrise Hospital Trivandrum,Trivandrum,Available
acne,Dermatology,Dr_Der_170,Sunrise Hospital Trivandrum,Trivandrum,Available
allergy,Dermatology,Dr_Der_170,Sunrise Hospital Trivandrum,Trivandrum,Available
child fever,Pediatrics,Dr_Ped_171,Medical College Trivandrum,Trivandrum,Busy
child cold,Pediatrics,Dr_Ped_171,Medical College Trivandrum,Trivandrum,Busy
child fever,Pediatrics,Dr_Ped_172,Medical College Trivandrum,Trivandrum,Busy
child cold,Pediatrics,Dr_Ped_172,Medical College Trivandrum,Trivandrum,Busy
child fever,Pediatrics,Dr_Ped_173,Medical College Trivandrum,Trivandrum,Available
child cold,Pediatrics,Dr_Ped_173,Medical College Trivandrum,Trivandrum,Available
child fever,Pediatrics,Dr_Ped_174,City Hospital Trivandrum,Trivandrum,Available
child cold,Pediatrics,Dr_Ped_174,City Hospital Trivandrum,Trivandrum,Available
child fever,Pediatrics,Dr_Ped_175,Aster Hospital Trivandrum,Trivandrum,Busy
child cold,Pediatrics,Dr_Ped_175,Aster Hospital Trivandrum,Trivandrum,Busy
fever,General Medicine,Dr_Gen_176,Aster Hospital Trivandrum,Trivandrum,Busy
cold,General Medicine,Dr_Gen_176,Aster Hospital Trivandrum,Trivandrum,Busy
infection,General Medicine,Dr_Gen_176,Aster Hospital Trivandrum,Trivandrum,Busy
fever,General Medicine,Dr_Gen_177,Care Hospital Trivandrum,Trivandrum,Busy
cold,General Medicine,Dr_Gen_177,Care Hospital Trivandrum,Trivandrum,Busy
infection,General Medicine,Dr_Gen_177,Care Hospital Trivandrum,Trivandrum,Busy
fever,General Medicine,Dr_Gen_178,General Hospital Trivandrum,Trivandrum,Busy
cold,General Medicine,Dr_Gen_178,General Hospital Trivandrum,Trivandrum,Busy
infection,General Medicine,Dr_Gen_178,General Hospital Trivandrum,Trivandrum,Busy
fever,General Medicine,Dr_Gen_179,Medical College Trivandrum,Trivandrum,Busy
cold,General Medicine,Dr_Gen_179,Medical College Trivandrum,Trivandrum,Busy
infection,General Medicine,Dr_Gen_179,Medical College Trivandrum,Trivandrum,Busy
fever,General Medicine,Dr_Gen_180,General Hospital Trivandrum,Trivandrum,Available
cold,General Medicine,Dr_Gen_180,General Hospital Trivandrum,Trivandrum,Available
infection,General Medicine,Dr_Gen_180,General Hospital Trivandrum,Trivandrum,Available
chest pain,Cardiology,Dr_Car_181,Aster Hospital Kollam,Kollam,Available
heart problem,Cardiology,Dr_Car_181,Aster Hospital Kollam,Kollam,Available
palpitations,Cardiology,Dr_Car_181,Aster Hospital Kollam,Kollam,Available
chest pain,Cardiology,Dr_Car_182,Sunrise Hospital Kollam,Kollam,Available
heart problem,Cardiology,Dr_Car_182,Sunrise Hospital Kollam,Kollam,Available
palpitations,Cardiology,Dr_Car_182,Sunrise Hospital Kollam,Kollam,Available
chest pain,Cardiology,Dr_Car_183,General Hospital Kollam,Kollam,Busy
heart problem,Cardiology,Dr_Car_183,General Hospital Kollam,Kollam,Busy
palpitations,Cardiology,Dr_Car_183,General Hospital Kollam,Kollam,Busy
chest pain,Cardiology,Dr_Car_184,General Hospital Kollam,Kollam,Available
heart problem,Cardiology,Dr_Car_184,General Hospital Kollam,Kollam,Available
palpitations,Cardiology,Dr_Car_184,General Hospital Kollam,Kollam,Available
chest pain,Cardiology,Dr_Car_185,Sunrise Hospital Kollam,Kollam,Busy
heart problem,Cardiology,Dr_Car_185,Sunrise Hospital Kollam,Kollam,Busy
palpitations,Cardiology,Dr_Car_185,Sunrise Hospital Kollam,Kollam,Busy
headache,Neurology,Dr_Neu_186,City Hospital Kollam,Kollam,Busy
migraine,Neurology,Dr_Neu_186,City Hospital Kollam,Kollam,Busy
dizziness,Neurology,Dr_Neu_186,City Hospital Kollam,Kollam,Busy
headache,Neurology,Dr_Neu_187,Aster Hospital Kollam,Kollam,Busy
migraine,Neurology,Dr_Neu_187,Aster Hospital Kollam,Kollam,Busy
dizziness,Neurology,Dr_Neu_187,Aster Hospital Kollam,Kollam,Busy
headache,Neurology,Dr_Neu_188,Care Hospital Kollam,Kollam,Busy
migraine,Neurology,Dr_Neu_188,Care Hospital Kollam,Kollam,Busy
dizziness,Neurology,Dr_Neu_188,Care Hospital Kollam,Kollam,Busy
headache,Neurology,Dr_Neu_189,Sunrise Hospital Kollam,Kollam,Available
migraine,Neurology,Dr_Neu_189,Sunrise Hospital Kollam,Kollam,Available
dizziness,Neurology,Dr_Neu_189,Sunrise Hospital Kollam,Kollam,Available
headache,Neurology,Dr_Neu_190,Sunrise Hospital Kollam,Kollam,Busy
migraine,Neurology,Dr_Neu_190,Sunrise Hospital Kollam,Kollam,Busy
dizziness,Neurology,Dr_Neu_190,Sunrise Hospital Kollam,Kollam,Busy
joint pain,Orthopedics,Dr_Ort_191,Aster Hospital Kollam,Kollam,Available
fracture,Orthopedics,Dr_Ort_191,Aster Hospital Kollam,Kollam,Available
back pain,Orthopedics,Dr_Ort_191,Aster Hospital Kollam,Kollam,Available
joint pain,Orthopedics,Dr_Ort_192,Aster Hospital Kollam,Kollam,Busy
fracture,Orthopedics,Dr_Ort_192,Aster Hospital Kollam,Kollam,Busy
back pain,Orthopedics,Dr_Ort_192,Aster Hospital Kollam,Kollam,Busy
joint pain,Orthopedics,Dr_Ort_193,Sunrise Hospital Kollam,Kollam,Available
fracture,Orthopedics,Dr_Ort_193,Sunrise Hospital Kollam,Kollam,Available
back pain,Orthopedics,Dr_Ort_193,Sunrise Hospital Kollam,Kollam,Available
joint pain,Orthopedics,Dr_Ort_194,Medical College Kollam,Kollam,Available
fracture,Orthopedics,Dr_Ort_194,Medical College Kollam,Kollam,Available
back pain,Orthopedics,Dr_Ort_194,Medical College Kollam,Kollam,Available
joint pain,Orthopedics,Dr_Ort_195,Care Hospital Kollam,Kollam,Busy
fracture,Orthopedics,Dr_Ort_195,Care Hospital Kollam,Kollam,Busy
back pain,Orthopedics,Dr_Ort_195,Care Hospital Kollam,Kollam,Busy
skin rash,Dermatology,Dr_Der_196,General Hospital Kollam,Kollam,Busy
acne,Dermatology,Dr_Der_196,General Hospital Kollam,Kollam,Busy
allergy,Dermatology,Dr_Der_196,General Hospital Kollam,Kollam,Busy
skin rash,Dermatology,Dr_Der_197,Aster Hospital Kollam,Kollam,Busy
acne,Dermatology,Dr_Der_197,Aster Hospital Kollam,Kollam,Busy
allergy,Dermatology,Dr_Der_197,Aster Hospital Kollam,Kollam,Busy
skin rash,Dermatology,Dr_Der_198,Medical College Kollam,Kollam,Busy
acne,Dermatology,Dr_Der_198,Medical College Kollam,Kollam,Busy
allergy,Dermatology,Dr_Der_198,Medical College Kollam,Kollam,Busy
skin rash,Dermatology,Dr_Der_199,General Hospital Kollam,Kollam,Busy
acne,Dermatology,Dr_Der_199,General Hospital Kollam,Kollam,Busy
allergy,Dermatology,Dr_Der_199,General Hospital Kollam,Kollam,Busy
skin rash,Dermatology,Dr_Der_200,Care Hospital Kollam,Kollam,Busy
acne,Dermatology,Dr_Der_200,Care Hospital Kollam,Kollam,Busy
allergy,Dermatology,Dr_Der_200,Care Hospital Kollam,Kollam,Busy
child fever,Pediatrics,Dr_Ped_201,General Hospital Kollam,Kollam,Available
child cold,Pediatrics,Dr_Ped_201,General Hospital Kollam,Kollam,Available
child fever,Pediatrics,Dr_Ped_202,Care Hospital Kollam,Kollam,Available
child cold,Pediatrics,Dr_Ped_202,Care Hospital Kollam,Kollam,Available
child fever,Pediatrics,Dr_Ped_203,Sunrise Hospital Kollam,Kollam,Busy
child cold,Pediatrics,Dr_Ped_203,Sunrise Hospital Kollam,Kollam,Busy
child fever,Pediatrics,Dr_Ped_204,Care Hospital Kollam,Kollam,Available
child cold,Pediatrics,Dr_Ped_204,Care Hospital Kollam,Kollam,Available
child fever,Pediatrics,Dr_Ped_205,Aster Hospital Kollam,Kollam,Busy
child cold,Pediatrics,Dr_Ped_205,Aster Hospital Kollam,Kollam,Busy
fever,General Medicine,Dr_Gen_206,General Hospital Kollam,Kollam,Busy
cold,General Medicine,Dr_Gen_206,General Hospital Kollam,Kollam,Busy
infection,General Medicine,Dr_Gen_206,General Hospital Kollam,Kollam,Busy
fever,General Medicine,Dr_Gen_207,Care Hospital Kollam,Kollam,Busy
cold,General Medicine,Dr_Gen_207,Care Hospital Kollam,Kollam,Busy
infection,General Medicine,Dr_Gen_207,Care Hospital Kollam,Kollam,Busy
fever,General Medicine,Dr_Gen_208,Medical College Kollam,Kollam,Available
cold,General Medicine,Dr_Gen_208,Medical College Kollam,Kollam,Available
infection,General Medicine,Dr_Gen_208,Medical College Kollam,Kollam,Available
fever,General Medicine,Dr_Gen_209,Sunrise Hospital Kollam,Kollam,Available
cold,General Medicine,Dr_Gen_209,Sunrise Hospital Kollam,Kollam,Available
infection,General Medicine,Dr_Gen_209,Sunrise Hospital Kollam,Kollam,Available
fever,General Medicine,Dr_Gen_210,Medical College Kollam,Kollam,Busy
cold,General Medicine,Dr_Gen_210,Medical College Kollam,Kollam,Busy
infection,General Medicine,Dr_Gen_210,Medical College Kollam,Kollam,Busy
chest pain,Cardiology,Dr_Car_211,Care Hospital Kannur,Kannur,Busy
heart problem,Cardiology,Dr_Car_211,Care Hospital Kannur,Kannur,Busy
palpitations,Cardiology,Dr_Car_211,Care Hospital Kannur,Kannur,Busy
chest pain,Cardiology,Dr_Car_212,Aster Hospital Kannur,Kannur,Busy
heart problem,Cardiology,Dr_Car_212,Aster Hospital Kannur,Kannur,Busy
palpitations,Cardiology,Dr_Car_212,Aster Hospital Kannur,Kannur,Busy
chest pain,Cardiology,Dr_Car_213,Aster Hospital Kannur,Kannur,Busy
heart problem,Cardiology,Dr_Car_213,Aster Hospital Kannur,Kannur,Busy
palpitations,Cardiology,Dr_Car_213,Aster Hospital Kannur,Kannur,Busy
chest pain,Cardiology,Dr_Car_214,Medical College Kannur,Kannur,Busy
heart problem,Cardiology,Dr_Car_214,Medical College Kannur,Kannur,Busy
palpitations,Cardiology,Dr_Car_214,Medical College Kannur,Kannur,Busy
chest pain,Cardiology,Dr_Car_215,Aster Hospital Kannur,Kannur,Available
heart problem,Cardiology,Dr_Car_215,Aster Hospital Kannur,Kannur,Available
palpitations,Cardiology,Dr_Car_215,Aster Hospital Kannur,Kannur,Available
headache,Neurology,Dr_Neu_216,Sunrise Hospital Kannur,Kannur,Available
migraine,Neurology,Dr_Neu_216,Sunrise Hospital Kannur,Kannur,Available
dizziness,Neurology,Dr_Neu_216,Sunrise Hospital Kannur,Kannur,Available
headache,Neurology,Dr_Neu_217,Sunrise Hospital Kannur,Kannur,Available
migraine,Neurology,Dr_Neu_217,Sunrise Hospital Kannur,Kannur,Available
dizziness,Neurology,Dr_Neu_217,Sunrise Hospital Kannur,Kannur,Available
headache,Neurology,Dr_Neu_218,Sunrise Hospital Kannur,Kannur,Available
migraine,Neurology,Dr_Neu_218,Sunrise Hospital Kannur,Kannur,Available
dizziness,Neurology,Dr_Neu_218,Sunrise Hospital Kannur,Kannur,Available
headache,Neurology,Dr_Neu_219,General Hospital Kannur,Kannur,Available
migraine,Neurology,Dr_Neu_219,General Hospital Kannur,Kannur,Available
dizziness,Neurology,Dr_Neu_219,General Hospital Kannur,Kannur,Available
headache,Neurology,Dr_Neu_220,Care Hospital Kannur,Kannur,Available
migraine,Neurology,Dr_Neu_220,Care Hospital Kannur,Kannur,Available
dizziness,Neurology,Dr_Neu_220,Care Hospital Kannur,Kannur,Available
joint pain,Orthopedics,Dr_Ort_221,Sunrise Hospital Kannur,Kannur,Busy
fracture,Orthopedics,Dr_Ort_221,Sunrise Hospital Kannur,Kannur,Busy
back pain,Orthopedics,Dr_Ort_221,Sunrise Hospital Kannur,Kannur,Busy
joint pain,Orthopedics,Dr_Ort_222,Care Hospital Kannur,Kannur,Available
fracture,Orthopedics,Dr_Ort_222,Care Hospital Kannur,Kannur,Available
back pain,Orthopedics,Dr_Ort_222,Care Hospital Kannur,Kannur,Available
joint pain,Orthopedics,Dr_Ort_223,City Hospital Kannur,Kannur,Busy
fracture,Orthopedics,Dr_Ort_223,City Hospital Kannur,Kannur,Busy
back pain,Orthopedics,Dr_Ort_223,City Hospital Kannur,Kannur,Busy
joint pain,Orthopedics,Dr_Ort_224,Sunrise Hospital Kannur,Kannur,Available
fracture,Orthopedics,Dr_Ort_224,Sunrise Hospital Kannur,Kannur,Available
back pain,Orthopedics,Dr_Ort_224,Sunrise Hospital Kannur,Kannur,Available
joint pain,Orthopedics,Dr_Ort_225,Sunrise Hospital Kannur,Kannur,Available
fracture,Orthopedics,Dr_Ort_225,Sunrise Hospital Kannur,Kannur,Available
back pain,Orthopedics,Dr_Ort_225,Sunrise Hospital Kannur,Kannur,Available
skin rash,Dermatology,Dr_Der_226,Medical College Kannur,Kannur,Busy
acne,Dermatology,Dr_Der_226,Medical College Kannur,Kannur,Busy
allergy,Dermatology,Dr_Der_226,Medical College Kannur,Kannur,Busy
skin rash,Dermatology,Dr_Der_227,General Hospital Kannur,Kannur,Available
acne,Dermatology,Dr_Der_227,General Hospital Kannur,Kannur,Available
allergy,Dermatology,Dr_Der_227,General Hospital Kannur,Kannur,Available
skin rash,Dermatology,Dr_Der_228,City Hospital Kannur,Kannur,Busy
acne,Dermatology,Dr_Der_228,City Hospital Kannur,Kannur,Busy
allergy,Dermatology,Dr_Der_228,City Hospital Kannur,Kannur,Busy
skin rash,Dermatology,Dr_Der_229,Medical College Kannur,Kannur,Available
acne,Dermatology,Dr_Der_229,Medical College Kannur,Kannur,Available
allergy,Dermatology,Dr_Der_229,Medical College Kannur,Kannur,Available
skin rash,Dermatology,Dr_Der_230,General Hospital Kannur,Kannur,Available
acne,Dermatology,Dr_Der_230,General Hospital Kannur,Kannur,Available
allergy,Dermatology,Dr_Der_230,General Hospital Kannur,Kannur,Available
child fever,Pediatrics,Dr_Ped_231,Care Hospital Kannur,Kannur,Busy
child cold,Pediatrics,Dr_Ped_231,Care Hospital Kannur,Kannur,Busy
child fever,Pediatrics,Dr_Ped_232,Aster Hospital Kannur,Kannur,Busy
child cold,Pediatrics,Dr_Ped_232,Aster Hospital Kannur,Kannur,Busy
child fever,Pediatrics,Dr_Ped_233,Sunrise Hospital Kannur,Kannur,Busy
child cold,Pediatrics,Dr_Ped_233,Sunrise Hospital Kannur,Kannur,Busy
child fever,Pediatrics,Dr_Ped_234,Medical College Kannur,Kannur,Busy
child cold,Pediatrics,Dr_Ped_234,Medical College Kannur,Kannur,Busy
child fever,Pediatrics,Dr_Ped_235,Aster Hospital Kannur,Kannur,Busy
child cold,Pediatrics,Dr_Ped_235,Aster Hospital Kannur,Kannur,Busy
fever,General Medicine,Dr_Gen_236,General Hospital Kannur,Kannur,Busy
cold,General Medicine,Dr_Gen_236,General Hospital Kannur,Kannur,Busy
infection,General Medicine,Dr_Gen_236,General Hospital Kannur,Kannur,Busy
fever,General Medicine,Dr_Gen_237,City Hospital Kannur,Kannur,Busy
cold,General Medicine,Dr_Gen_237,City Hospital Kannur,Kannur,Busy
infection,General Medicine,Dr_Gen_237,City Hospital Kannur,Kannur,Busy
fever,General Medicine,Dr_Gen_238,Sunrise Hospital Kannur,Kannur,Busy
cold,General Medicine,Dr_Gen_238,Sunrise Hospital Kannur,Kannur,Busy
infection,General Medicine,Dr_Gen_238,Sunrise Hospital Kannur,Kannur,Busy
fever,General Medicine,Dr_Gen_239,Aster Hospital Kannur,Kannur,Available
cold,General Medicine,Dr_Gen_239,Aster Hospital Kannur,Kannur,Available
infection,General Medicine,Dr_Gen_239,Aster Hospital Kannur,Kannur,Available
fever,General Medicine,Dr_Gen_240,Care Hospital Kannur,Kannur,Available
cold,General Medicine,Dr_Gen_240,Care Hospital Kannur,Kannur,Available
infection,General Medicine,Dr_Gen_240,Care Hospital Kannur,Kannur,Available
chest pain,Cardiology,Dr_Car_241,Sunrise Hospital Malappuram,Malappuram,Available
heart problem,Cardiology,Dr_Car_241,Sunrise Hospital Malappuram,Malappuram,Available
palpitations,Cardiology,Dr_Car_241,Sunrise Hospital Malappuram,Malappuram,Available
chest pain,Cardiology,Dr_Car_242,Care Hospital Malappuram,Malappuram,Available
heart problem,Cardiology,Dr_Car_242,Care Hospital Malappuram,Malappuram,Available
palpitations,Cardiology,Dr_Car_242,Care Hospital Malappuram,Malappuram,Available
chest pain,Cardiology,Dr_Car_243,General Hospital Malappuram,Malappuram,Busy
heart problem,Cardiology,Dr_Car_243,General Hospital Malappuram,Malappuram,Busy
palpitations,Cardiology,Dr_Car_243,General Hospital Malappuram,Malappuram,Busy
chest pain,Cardiology,Dr_Car_244,Care Hospital Malappuram,Malappuram,Busy
heart problem,Cardiology,Dr_Car_244,Care Hospital Malappuram,Malappuram,Busy
palpitations,Cardiology,Dr_Car_244,Care Hospital Malappuram,Malappuram,Busy
chest pain,Cardiology,Dr_Car_245,General Hospital Malappuram,Malappuram,Busy
heart problem,Cardiology,Dr_Car_245,General Hospital Malappuram,Malappuram,Busy
palpitations,Cardiology,Dr_Car_245,General Hospital Malappuram,Malappuram,Busy
headache,Neurology,Dr_Neu_246,Aster Hospital Malappuram,Malappuram,Busy
migraine,Neurology,Dr_Neu_246,Aster Hospital Malappuram,Malappuram,Busy
dizziness,Neurology,Dr_Neu_246,Aster Hospital Malappuram,Malappuram,Busy
headache,Neurology,Dr_Neu_247,City Hospital Malappuram,Malappuram,Available
migraine,Neurology,Dr_Neu_247,City Hospital Malappuram,Malappuram,Available
dizziness,Neurology,Dr_Neu_247,City Hospital Malappuram,Malappuram,Available
headache,Neurology,Dr_Neu_248,Care Hospital Malappuram,Malappuram,Available
migraine,Neurology,Dr_Neu_248,Care Hospital Malappuram,Malappuram,Available
dizziness,Neurology,Dr_Neu_248,Care Hospital Malappuram,Malappuram,Available
headache,Neurology,Dr_Neu_249,Care Hospital Malappuram,Malappuram,Busy
migraine,Neurology,Dr_Neu_249,Care Hospital Malappuram,Malappuram,Busy
dizziness,Neurology,Dr_Neu_249,Care Hospital Malappuram,Malappuram,Busy
headache,Neurology,Dr_Neu_250,General Hospital Malappuram,Malappuram,Busy
migraine,Neurology,Dr_Neu_250,General Hospital Malappuram,Malappuram,Busy
dizziness,Neurology,Dr_Neu_250,General Hospital Malappuram,Malappuram,Busy
joint pain,Orthopedics,Dr_Ort_251,City Hospital Malappuram,Malappuram,Busy
fracture,Orthopedics,Dr_Ort_251,City Hospital Malappuram,Malappuram,Busy
back pain,Orthopedics,Dr_Ort_251,City Hospital Malappuram,Malappuram,Busy
joint pain,Orthopedics,Dr_Ort_252,City Hospital Malappuram,Malappuram,Available
fracture,Orthopedics,Dr_Ort_252,City Hospital Malappuram,Malappuram,Available
back pain,Orthopedics,Dr_Ort_252,City Hospital Malappuram,Malappuram,Available
joint pain,Orthopedics,Dr_Ort_253,City Hospital Malappuram,Malappuram,Busy
fracture,Orthopedics,Dr_Ort_253,City Hospital Malappuram,Malappuram,Busy
back pain,Orthopedics,Dr_Ort_253,City Hospital Malappuram,Malappuram,Busy
joint pain,Orthopedics,Dr_Ort_254,Aster Hospital Malappuram,Malappuram,Available
fracture,Orthopedics,Dr_Ort_254,Aster Hospital Malappuram,Malappuram,Available
back pain,Orthopedics,Dr_Ort_254,Aster Hospital Malappuram,Malappuram,Available
joint pain,Orthopedics,Dr_Ort_255,Aster Hospital Malappuram,Malappuram,Available
fracture,Orthopedics,Dr_Ort_255,Aster Hospital Malappuram,Malappuram,Available
back pain,Orthopedics,Dr_Ort_255,Aster Hospital Malappuram,Malappuram,Available
skin rash,Dermatology,Dr_Der_256,Sunrise Hospital Malappuram,Malappuram,Available
acne,Dermatology,Dr_Der_256,Sunrise Hospital Malappuram,Malappuram,Available
allergy,Dermatology,Dr_Der_256,Sunrise Hospital Malappuram,Malappuram,Available
skin rash,Dermatology,Dr_Der_257,Medical College Malappuram,Malappuram,Available
acne,Dermatology,Dr_Der_257,Medical College Malappuram,Malappuram,Available
allergy,Dermatology,Dr_Der_257,Medical College Malappuram,Malappuram,Available
skin rash,Dermatology,Dr_Der_258,General Hospital Malappuram,Malappuram,Available
acne,Dermatology,Dr_Der_258,General Hospital Malappuram,Malappuram,Available
allergy,Dermatology,Dr_Der_258,General Hospital Malappuram,Malappuram,Available
skin rash,Dermatology,Dr_Der_259,General Hospital Malappuram,Malappuram,Busy
acne,Dermatology,Dr_Der_259,General Hospital Malappuram,Malappuram,Busy
allergy,Dermatology,Dr_Der_259,General Hospital Malappuram,Malappuram,Busy
skin rash,Dermatology,Dr_Der_260,City Hospital Malappuram,Malappuram,Busy
acne,Dermatology,Dr_Der_260,City Hospital Malappuram,Malappuram,Busy
allergy,Dermatology,Dr_Der_260,City Hospital Malappuram,Malappuram,Busy
child fever,Pediatrics,Dr_Ped_261,Care Hospital Malappuram,Malappuram,Available
child cold,Pediatrics,Dr_Ped_261,Care Hospital Malappuram,Malappuram,Available
child fever,Pediatrics,Dr_Ped_262,Care Hospital Malappuram,Malappuram,Available
child cold,Pediatrics,Dr_Ped_262,Care Hospital Malappuram,Malappuram,Available
child fever,Pediatrics,Dr_Ped_263,City Hospital Malappuram,Malappuram,Available
child cold,Pediatrics,Dr_Ped_263,City Hospital Malappuram,Malappuram,Available
child fever,Pediatrics,Dr_Ped_264,Aster Hospital Malappuram,Malappuram,Busy
child cold,Pediatrics,Dr_Ped_264,Aster Hospital Malappuram,Malappuram,Busy
child fever,Pediatrics,Dr_Ped_265,City Hospital Malappuram,Malappuram,Available
child cold,Pediatrics,Dr_Ped_265,City Hospital Malappuram,Malappuram,Available
fever,General Medicine,Dr_Gen_266,Sunrise Hospital Malappuram,Malappuram,Available
cold,General Medicine,Dr_Gen_266,Sunrise Hospital Malappuram,Malappuram,Available
infection,General Medicine,Dr_Gen_266,Sunrise Hospital Malappuram,Malappuram,Available
fever,General Medicine,Dr_Gen_267,General Hospital Malappuram,Malappuram,Busy
cold,General Medicine,Dr_Gen_267,General Hospital Malappuram,Malappuram,Busy
infection,General Medicine,Dr_Gen_267,General Hospital Malappuram,Malappuram,Busy
fever,General Medicine,Dr_Gen_268,General Hospital Malappuram,Malappuram,Busy
cold,General Medicine,Dr_Gen_268,General Hospital Malappuram,Malappuram,Busy
infection,General Medicine,Dr_Gen_268,General Hospital Malappuram,Malappuram,Busy
fever,General Medicine,Dr_Gen_269,Care Hospital Malappuram,Malappuram,Available
cold,General Medicine,Dr_Gen_269,Care Hospital Malappuram,Malappuram,Available
infection,General Medicine,Dr_Gen_269,Care Hospital Malappuram,Malappuram,Available
fever,General Medicine,Dr_Gen_270,Care Hospital Malappuram,Malappuram,Busy
cold,General Medicine,Dr_Gen_270,Care Hospital Malappuram,Malappuram,Busy
infection,General Medicine,Dr_Gen_270,Care Hospital Malappuram,Malappuram,Busy
chest pain,Cardiology,Dr_Car_271,Medical College Palakkad,Palakkad,Available
heart problem,Cardiology,Dr_Car_271,Medical College Palakkad,Palakkad,Available
palpitations,Cardiology,Dr_Car_271,Medical College Palakkad,Palakkad,Available
chest pain,Cardiology,Dr_Car_272,City Hospital Palakkad,Palakkad,Available
heart problem,Cardiology,Dr_Car_272,City Hospital Palakkad,Palakkad,Available
palpitations,Cardiology,Dr_Car_272,City Hospital Palakkad,Palakkad,Available
chest pain,Cardiology,Dr_Car_273,Care Hospital Palakkad,Palakkad,Busy
heart problem,Cardiology,Dr_Car_273,Care Hospital Palakkad,Palakkad,Busy
palpitations,Cardiology,Dr_Car_273,Care Hospital Palakkad,Palakkad,Busy
chest pain,Cardiology,Dr_Car_274,General Hospital Palakkad,Palakkad,Busy
heart problem,Cardiology,Dr_Car_274,General Hospital Palakkad,Palakkad,Busy
palpitations,Cardiology,Dr_Car_274,General Hospital Palakkad,Palakkad,Busy
chest pain,Cardiology,Dr_Car_275,City Hospital Palakkad,Palakkad,Available
heart problem,Cardiology,Dr_Car_275,City Hospital Palakkad,Palakkad,Available
palpitations,Cardiology,Dr_Car_275,City Hospital Palakkad,Palakkad,Available
headache,Neurology,Dr_Neu_276,Aster Hospital Palakkad,Palakkad,Busy
migraine,Neurology,Dr_Neu_276,Aster Hospital Palakkad,Palakkad,Busy
dizziness,Neurology,Dr_Neu_276,Aster Hospital Palakkad,Palakkad,Busy
headache,Neurology,Dr_Neu_277,Care Hospital Palakkad,Palakkad,Busy
migraine,Neurology,Dr_Neu_277,Care Hospital Palakkad,Palakkad,Busy
dizziness,Neurology,Dr_Neu_277,Care Hospital Palakkad,Palakkad,Busy
headache,Neurology,Dr_Neu_278,Sunrise Hospital Palakkad,Palakkad,Busy
migraine,Neurology,Dr_Neu_278,Sunrise Hospital Palakkad,Palakkad,Busy
dizziness,Neurology,Dr_Neu_278,Sunrise Hospital Palakkad,Palakkad,Busy
headache,Neurology,Dr_Neu_279,Medical College Palakkad,Palakkad,Busy
migraine,Neurology,Dr_Neu_279,Medical College Palakkad,Palakkad,Busy
dizziness,Neurology,Dr_Neu_279,Medical College Palakkad,Palakkad,Busy
headache,Neurology,Dr_Neu_280,General Hospital Palakkad,Palakkad,Busy
migraine,Neurology,Dr_Neu_280,General Hospital Palakkad,Palakkad,Busy
dizziness,Neurology,Dr_Neu_280,General Hospital Palakkad,Palakkad,Busy
joint pain,Orthopedics,Dr_Ort_281,City Hospital Palakkad,Palakkad,Busy
fracture,Orthopedics,Dr_Ort_281,City Hospital Palakkad,Palakkad,Busy
back pain,Orthopedics,Dr_Ort_281,City Hospital Palakkad,Palakkad,Busy
joint pain,Orthopedics,Dr_Ort_282,Care Hospital Palakkad,Palakkad,Available
fracture,Orthopedics,Dr_Ort_282,Care Hospital Palakkad,Palakkad,Available
back pain,Orthopedics,Dr_Ort_282,Care Hospital Palakkad,Palakkad,Available
joint pain,Orthopedics,Dr_Ort_283,Aster Hospital Palakkad,Palakkad,Available
fracture,Orthopedics,Dr_Ort_283,Aster Hospital Palakkad,Palakkad,Available
back pain,Orthopedics,Dr_Ort_283,Aster Hospital Palakkad,Palakkad,Available
joint pain,Orthopedics,Dr_Ort_284,City Hospital Palakkad,Palakkad,Busy
fracture,Orthopedics,Dr_Ort_284,City Hospital Palakkad,Palakkad,Busy
back pain,Orthopedics,Dr_Ort_284,City Hospital Palakkad,Palakkad,Busy
joint pain,Orthopedics,Dr_Ort_285,City Hospital Palakkad,Palakkad,Busy
fracture,Orthopedics,Dr_Ort_285,City Hospital Palakkad,Palakkad,Busy
back pain,Orthopedics,Dr_Ort_285,City Hospital Palakkad,Palakkad,Busy
skin rash,Dermatology,Dr_Der_286,City Hospital Palakkad,Palakkad,Busy
acne,Dermatology,Dr_Der_286,City Hospital Palakkad,Palakkad,Busy
allergy,Dermatology,Dr_Der_286,City Hospital Palakkad,Palakkad,Busy
skin rash,Dermatology,Dr_Der_287,Sunrise Hospital Palakkad,Palakkad,Available
acne,Dermatology,Dr_Der_287,Sunrise Hospital Palakkad,Palakkad,Available
allergy,Dermatology,Dr_Der_287,Sunrise Hospital Palakkad,Palakkad,Available
skin rash,Dermatology,Dr_Der_288,Sunrise Hospital Palakkad,Palakkad,Available
acne,Dermatology,Dr_Der_288,Sunrise Hospital Palakkad,Palakkad,Available
allergy,Dermatology,Dr_Der_288,Sunrise Hospital Palakkad,Palakkad,Available
skin rash,Dermatology,Dr_Der_289,Care Hospital Palakkad,Palakkad,Busy
acne,Dermatology,Dr_Der_289,Care Hospital Palakkad,Palakkad,Busy
allergy,Dermatology,Dr_Der_289,Care Hospital Palakkad,Palakkad,Busy
skin rash,Dermatology,Dr_Der_290,Care Hospital Palakkad,Palakkad,Busy
acne,Dermatology,Dr_Der_290,Care Hospital Palakkad,Palakkad,Busy
allergy,Dermatology,Dr_Der_290,Care Hospital Palakkad,Palakkad,Busy
child fever,Pediatrics,Dr_Ped_291,General Hospital Palakkad,Palakkad,Busy
child cold,Pediatrics,Dr_Ped_291,General Hospital Palakkad,Palakkad,Busy
child fever,Pediatrics,Dr_Ped_292,General Hospital Palakkad,Palakkad,Busy
child cold,Pediatrics,Dr_Ped_292,General Hospital Palakkad,Palakkad,Busy
child fever,Pediatrics,Dr_Ped_293,Medical College Palakkad,Palakkad,Busy
child cold,Pediatrics,Dr_Ped_293,Medical College Palakkad,Palakkad,Busy
child fever,Pediatrics,Dr_Ped_294,Medical College Palakkad,Palakkad,Available
child cold,Pediatrics,Dr_Ped_294,Medical College Palakkad,Palakkad,Available
child fever,Pediatrics,Dr_Ped_295,General Hospital Palakkad,Palakkad,Available
child cold,Pediatrics,Dr_Ped_295,General Hospital Palakkad,Palakkad,Available
fever,General Medicine,Dr_Gen_296,Medical College Palakkad,Palakkad,Busy
cold,General Medicine,Dr_Gen_296,Medical College Palakkad,Palakkad,Busy
infection,General Medicine,Dr_Gen_296,Medical College Palakkad,Palakkad,Busy
fever,General Medicine,Dr_Gen_297,General Hospital Palakkad,Palakkad,Busy
cold,General Medicine,Dr_Gen_297,General Hospital Palakkad,Palakkad,Busy
infection,General Medicine,Dr_Gen_297,General Hospital Palakkad,Palakkad,Busy
fever,General Medicine,Dr_Gen_298,Sunrise Hospital Palakkad,Palakkad,Busy
cold,General Medicine,Dr_Gen_298,Sunrise Hospital Palakkad,Palakkad,Busy
infection,General Medicine,Dr_Gen_298,Sunrise Hospital Palakkad,Palakkad,Busy
fever,General Medicine,Dr_Gen_299,City Hospital Palakkad,Palakkad,Available
cold,General Medicine,Dr_Gen_299,City Hospital Palakkad,Palakkad,Available
infection,General Medicine,Dr_Gen_299,City Hospital Palakkad,Palakkad,Available
fever,General Medicine,Dr_Gen_300,Medical College Palakkad,Palakkad,Available
cold,General Medicine,Dr_Gen_300,Medical College Palakkad,Palakkad,Available
infection,General Medicine,Dr_Gen_300,Medical College Palakkad,Palakkad,Available
chest pain,Cardiology,Dr_Car_301,Medical College Kottayam,Kottayam,Busy
heart problem,Cardiology,Dr_Car_301,Medical College Kottayam,Kottayam,Busy
palpitations,Cardiology,Dr_Car_301,Medical College Kottayam,Kottayam,Busy
chest pain,Cardiology,Dr_Car_302,General Hospital Kottayam,Kottayam,Available
heart problem,Cardiology,Dr_Car_302,General Hospital Kottayam,Kottayam,Available
palpitations,Cardiology,Dr_Car_302,General Hospital Kottayam,Kottayam,Available
chest pain,Cardiology,Dr_Car_303,Sunrise Hospital Kottayam,Kottayam,Available
heart problem,Cardiology,Dr_Car_303,Sunrise Hospital Kottayam,Kottayam,Available
palpitations,Cardiology,Dr_Car_303,Sunrise Hospital Kottayam,Kottayam,Available
chest pain,Cardiology,Dr_Car_304,Medical College Kottayam,Kottayam,Available
heart problem,Cardiology,Dr_Car_304,Medical College Kottayam,Kottayam,Available
palpitations,Cardiology,Dr_Car_304,Medical College Kottayam,Kottayam,Available
chest pain,Cardiology,Dr_Car_305,Medical College Kottayam,Kottayam,Busy
heart problem,Cardiology,Dr_Car_305,Medical College Kottayam,Kottayam,Busy
palpitations,Cardiology,Dr_Car_305,Medical College Kottayam,Kottayam,Busy
headache,Neurology,Dr_Neu_306,City Hospital Kottayam,Kottayam,Busy
migraine,Neurology,Dr_Neu_306,City Hospital Kottayam,Kottayam,Busy
dizziness,Neurology,Dr_Neu_306,City Hospital Kottayam,Kottayam,Busy
headache,Neurology,Dr_Neu_307,Aster Hospital Kottayam,Kottayam,Busy
migraine,Neurology,Dr_Neu_307,Aster Hospital Kottayam,Kottayam,Busy
dizziness,Neurology,Dr_Neu_307,Aster Hospital Kottayam,Kottayam,Busy
headache,Neurology,Dr_Neu_308,City Hospital Kottayam,Kottayam,Busy
migraine,Neurology,Dr_Neu_308,City Hospital Kottayam,Kottayam,Busy
dizziness,Neurology,Dr_Neu_308,City Hospital Kottayam,Kottayam,Busy
headache,Neurology,Dr_Neu_309,Care Hospital Kottayam,Kottayam,Available
migraine,Neurology,Dr_Neu_309,Care Hospital Kottayam,Kottayam,Available
dizziness,Neurology,Dr_Neu_309,Care Hospital Kottayam,Kottayam,Available
headache,Neurology,Dr_Neu_310,City Hospital Kottayam,Kottayam,Available
migraine,Neurology,Dr_Neu_310,City Hospital Kottayam,Kottayam,Available
dizziness,Neurology,Dr_Neu_310,City Hospital Kottayam,Kottayam,Available
joint pain,Orthopedics,Dr_Ort_311,Medical College Kottayam,Kottayam,Available
fracture,Orthopedics,Dr_Ort_311,Medical College Kottayam,Kottayam,Available
back pain,Orthopedics,Dr_Ort_311,Medical College Kottayam,Kottayam,Available
joint pain,Orthopedics,Dr_Ort_312,Medical College Kottayam,Kottayam,Busy
fracture,Orthopedics,Dr_Ort_312,Medical College Kottayam,Kottayam,Busy
back pain,Orthopedics,Dr_Ort_312,Medical College Kottayam,Kottayam,Busy
joint pain,Orthopedics,Dr_Ort_313,General Hospital Kottayam,Kottayam,Available
fracture,Orthopedics,Dr_Ort_313,General Hospital Kottayam,Kottayam,Available
back pain,Orthopedics,Dr_Ort_313,General Hospital Kottayam,Kottayam,Available
joint pain,Orthopedics,Dr_Ort_314,Care Hospital Kottayam,Kottayam,Busy
fracture,Orthopedics,Dr_Ort_314,Care Hospital Kottayam,Kottayam,Busy
back pain,Orthopedics,Dr_Ort_314,Care Hospital Kottayam,Kottayam,Busy
joint pain,Orthopedics,Dr_Ort_315,City Hospital Kottayam,Kottayam,Busy
fracture,Orthopedics,Dr_Ort_315,City Hospital Kottayam,Kottayam,Busy
back pain,Orthopedics,Dr_Ort_315,City Hospital Kottayam,Kottayam,Busy
skin rash,Dermatology,Dr_Der_316,Medical College Kottayam,Kottayam,Available
acne,Dermatology,Dr_Der_316,Medical College Kottayam,Kottayam,Available
allergy,Dermatology,Dr_Der_316,Medical College Kottayam,Kottayam,Available
skin rash,Dermatology,Dr_Der_317,Aster Hospital Kottayam,Kottayam,Busy
acne,Dermatology,Dr_Der_317,Aster Hospital Kottayam,Kottayam,Busy
allergy,Dermatology,Dr_Der_317,Aster Hospital Kottayam,Kottayam,Busy
skin rash,Dermatology,Dr_Der_318,Care Hospital Kottayam,Kottayam,Available
acne,Dermatology,Dr_Der_318,Care Hospital Kottayam,Kottayam,Available
allergy,Dermatology,Dr_Der_318,Care Hospital Kottayam,Kottayam,Available
skin rash,Dermatology,Dr_Der_319,City Hospital Kottayam,Kottayam,Available
acne,Dermatology,Dr_Der_319,City Hospital Kottayam,Kottayam,Available
allergy,Dermatology,Dr_Der_319,City Hospital Kottayam,Kottayam,Available
skin rash,Dermatology,Dr_Der_320,Care Hospital Kottayam,Kottayam,Busy
acne,Dermatology,Dr_Der_320,Care Hospital Kottayam,Kottayam,Busy
allergy,Dermatology,Dr_Der_320,Care Hospital Kottayam,Kottayam,Busy
child fever,Pediatrics,Dr_Ped_321,Aster Hospital Kottayam,Kottayam,Busy
child cold,Pediatrics,Dr_Ped_321,Aster Hospital Kottayam,Kottayam,Busy
child fever,Pediatrics,Dr_Ped_322,Aster Hospital Kottayam,Kottayam,Busy
child cold,Pediatrics,Dr_Ped_322,Aster Hospital Kottayam,Kottayam,Busy
child fever,Pediatrics,Dr_Ped_323,Care Hospital Kottayam,Kottayam,Busy
child cold,Pediatrics,Dr_Ped_323,Care Hospital Kottayam,Kottayam,Busy
child fever,Pediatrics,Dr_Ped_324,City Hospital Kottayam,Kottayam,Available
child cold,Pediatrics,Dr_Ped_324,City Hospital Kottayam,Kottayam,Available
child fever,Pediatrics,Dr_Ped_325,Sunrise Hospital Kottayam,Kottayam,Busy
child cold,Pediatrics,Dr_Ped_325,Sunrise Hospital Kottayam,Kottayam,Busy
fever,General Medicine,Dr_Gen_326,City Hospital Kottayam,Kottayam,Busy
cold,General Medicine,Dr_Gen_326,City Hospital Kottayam,Kottayam,Busy
infection,General Medicine,Dr_Gen_326,City Hospital Kottayam,Kottayam,Busy
fever,General Medicine,Dr_Gen_327,City Hospital Kottayam,Kottayam,Available
cold,General Medicine,Dr_Gen_327,City Hospital Kottayam,Kottayam,Available
infection,General Medicine,Dr_Gen_327,City Hospital Kottayam,Kottayam,Available
fever,General Medicine,Dr_Gen_328,City Hospital Kottayam,Kottayam,Busy
cold,General Medicine,Dr_Gen_328,City Hospital Kottayam,Kottayam,Busy
infection,General Medicine,Dr_Gen_328,City Hospital Kottayam,Kottayam,Busy
fever,General Medicine,Dr_Gen_329,Sunrise Hospital Kottayam,Kottayam,Busy
cold,General Medicine,Dr_Gen_329,Sunrise Hospital Kottayam,Kottayam,Busy
infection,General Medicine,Dr_Gen_329,Sunrise Hospital Kottayam,Kottayam,Busy
fever,General Medicine,Dr_Gen_330,Medical College Kottayam,Kottayam,Busy
cold,General Medicine,Dr_Gen_330,Medical College Kottayam,Kottayam,Busy
infection,General Medicine,Dr_Gen_330,Medical College Kottayam,Kottayam,Busy
chest pain,Cardiology,Dr_Car_331,Aster Hospital Pathanamthitta,Pathanamthitta,Available
heart problem,Cardiology,Dr_Car_331,Aster Hospital Pathanamthitta,Pathanamthitta,Available
palpitations,Cardiology,Dr_Car_331,Aster Hospital Pathanamthitta,Pathanamthitta,Available
chest pain,Cardiology,Dr_Car_332,Sunrise Hospital Pathanamthitta,Pathanamthitta,Available
heart problem,Cardiology,Dr_Car_332,Sunrise Hospital Pathanamthitta,Pathanamthitta,Available
palpitations,Cardiology,Dr_Car_332,Sunrise Hospital Pathanamthitta,Pathanamthitta,Available
chest pain,Cardiology,Dr_Car_333,City Hospital Pathanamthitta,Pathanamthitta,Busy
heart problem,Cardiology,Dr_Car_333,City Hospital Pathanamthitta,Pathanamthitta,Busy
palpitations,Cardiology,Dr_Car_333,City Hospital Pathanamthitta,Pathanamthitta,Busy
chest pain,Cardiology,Dr_Car_334,Aster Hospital Pathanamthitta,Pathanamthitta,Busy
heart problem,Cardiology,Dr_Car_334,Aster Hospital Pathanamthitta,Pathanamthitta,Busy
palpitations,Cardiology,Dr_Car_334,Aster Hospital Pathanamthitta,Pathanamthitta,Busy
chest pain,Cardiology,Dr_Car_335,Care Hospital Pathanamthitta,Pathanamthitta,Available
heart problem,Cardiology,Dr_Car_335,Care Hospital Pathanamthitta,Pathanamthitta,Available
palpitations,Cardiology,Dr_Car_335,Care Hospital Pathanamthitta,Pathanamthitta,Available
headache,Neurology,Dr_Neu_336,General Hospital Pathanamthitta,Pathanamthitta,Busy
migraine,Neurology,Dr_Neu_336,General Hospital Pathanamthitta,Pathanamthitta,Busy
dizziness,Neurology,Dr_Neu_336,General Hospital Pathanamthitta,Pathanamthitta,Busy
headache,Neurology,Dr_Neu_337,City Hospital Pathanamthitta,Pathanamthitta,Busy
migraine,Neurology,Dr_Neu_337,City Hospital Pathanamthitta,Pathanamthitta,Busy
dizziness,Neurology,Dr_Neu_337,City Hospital Pathanamthitta,Pathanamthitta,Busy
headache,Neurology,Dr_Neu_338,City Hospital Pathanamthitta,Pathanamthitta,Available
migraine,Neurology,Dr_Neu_338,City Hospital Pathanamthitta,Pathanamthitta,Available
dizziness,Neurology,Dr_Neu_338,City Hospital Pathanamthitta,Pathanamthitta,Available
headache,Neurology,Dr_Neu_339,City Hospital Pathanamthitta,Pathanamthitta,Busy
migraine,Neurology,Dr_Neu_339,City Hospital Pathanamthitta,Pathanamthitta,Busy
dizziness,Neurology,Dr_Neu_339,City Hospital Pathanamthitta,Pathanamthitta,Busy
headache,Neurology,Dr_Neu_340,Sunrise Hospital Pathanamthitta,Pathanamthitta,Busy
migraine,Neurology,Dr_Neu_340,Sunrise Hospital Pathanamthitta,Pathanamthitta,Busy
dizziness,Neurology,Dr_Neu_340,Sunrise Hospital Pathanamthitta,Pathanamthitta,Busy
joint pain,Orthopedics,Dr_Ort_341,General Hospital Pathanamthitta,Pathanamthitta,Available
fracture,Orthopedics,Dr_Ort_341,General Hospital Pathanamthitta,Pathanamthitta,Available
back pain,Orthopedics,Dr_Ort_341,General Hospital Pathanamthitta,Pathanamthitta,Available
joint pain,Orthopedics,Dr_Ort_342,Medical College Pathanamthitta,Pathanamthitta,Busy
fracture,Orthopedics,Dr_Ort_342,Medical College Pathanamthitta,Pathanamthitta,Busy
back pain,Orthopedics,Dr_Ort_342,Medical College Pathanamthitta,Pathanamthitta,Busy
joint pain,Orthopedics,Dr_Ort_343,General Hospital Pathanamthitta,Pathanamthitta,Available
fracture,Orthopedics,Dr_Ort_343,General Hospital Pathanamthitta,Pathanamthitta,Available
back pain,Orthopedics,Dr_Ort_343,General Hospital Pathanamthitta,Pathanamthitta,Available
joint pain,Orthopedics,Dr_Ort_344,Care Hospital Pathanamthitta,Pathanamthitta,Available
fracture,Orthopedics,Dr_Ort_344,Care Hospital Pathanamthitta,Pathanamthitta,Available
back pain,Orthopedics,Dr_Ort_344,Care Hospital Pathanamthitta,Pathanamthitta,Available
joint pain,Orthopedics,Dr_Ort_345,Sunrise Hospital Pathanamthitta,Pathanamthitta,Busy
fracture,Orthopedics,Dr_Ort_345,Sunrise Hospital Pathanamthitta,Pathanamthitta,Busy
back pain,Orthopedics,Dr_Ort_345,Sunrise Hospital Pathanamthitta,Pathanamthitta,Busy
skin rash,Dermatology,Dr_Der_346,City Hospital Pathanamthitta,Pathanamthitta,Busy
acne,Dermatology,Dr_Der_346,City Hospital Pathanamthitta,Pathanamthitta,Busy
allergy,Dermatology,Dr_Der_346,City Hospital Pathanamthitta,Pathanamthitta,Busy
skin rash,Dermatology,Dr_Der_347,Sunrise Hospital Pathanamthitta,Pathanamthitta,Busy
acne,Dermatology,Dr_Der_347,Sunrise Hospital Pathanamthitta,Pathanamthitta,Busy
allergy,Dermatology,Dr_Der_347,Sunrise Hospital Pathanamthitta,Pathanamthitta,Busy
skin rash,Dermatology,Dr_Der_348,Care Hospital Pathanamthitta,Pathanamthitta,Busy
acne,Dermatology,Dr_Der_348,Care Hospital Pathanamthitta,Pathanamthitta,Busy
allergy,Dermatology,Dr_Der_348,Care Hospital Pathanamthitta,Pathanamthitta,Busy
skin rash,Dermatology,Dr_Der_349,General Hospital Pathanamthitta,Pathanamthitta,Available
acne,Dermatology,Dr_Der_349,General Hospital Pathanamthitta,Pathanamthitta,Available
allergy,Dermatology,Dr_Der_349,General Hospital Pathanamthitta,Pathanamthitta,Available
skin rash,Dermatology,Dr_Der_350,Medical College Pathanamthitta,Pathanamthitta,Busy
acne,Dermatology,Dr_Der_350,Medical College Pathanamthitta,Pathanamthitta,Busy
allergy,Dermatology,Dr_Der_350,Medical College Pathanamthitta,Pathanamthitta,Busy
child fever,Pediatrics,Dr_Ped_351,Medical College Pathanamthitta,Pathanamthitta,Available
child cold,Pediatrics,Dr_Ped_351,Medical College Pathanamthitta,Pathanamthitta,Available
child fever,Pediatrics,Dr_Ped_352,Aster Hospital Pathanamthitta,Pathanamthitta,Busy
child cold,Pediatrics,Dr_Ped_352,Aster Hospital Pathanamthitta,Pathanamthitta,Busy
child fever,Pediatrics,Dr_Ped_353,General Hospital Pathanamthitta,Pathanamthitta,Busy
child cold,Pediatrics,Dr_Ped_353,General Hospital Pathanamthitta,Pathanamthitta,Busy
child fever,Pediatrics,Dr_Ped_354,General Hospital Pathanamthitta,Pathanamthitta,Busy
child cold,Pediatrics,Dr_Ped_354,General Hospital Pathanamthitta,Pathanamthitta,Busy
child fever,Pediatrics,Dr_Ped_355,City Hospital Pathanamthitta,Pathanamthitta,Available
child cold,Pediatrics,Dr_Ped_355,City Hospital Pathanamthitta,Pathanamthitta,Available
fever,General Medicine,Dr_Gen_356,General Hospital Pathanamthitta,Pathanamthitta,Busy
cold,General Medicine,Dr_Gen_356,General Hospital Pathanamthitta,Pathanamthitta,Busy
infection,General Medicine,Dr_Gen_356,General Hospital Pathanamthitta,Pathanamthitta,Busy
fever,General Medicine,Dr_Gen_357,Care Hospital Pathanamthitta,Pathanamthitta,Available
cold,General Medicine,Dr_Gen_357,Care Hospital Pathanamthitta,Pathanamthitta,Available
infection,General Medicine,Dr_Gen_357,Care Hospital Pathanamthitta,Pathanamthitta,Available
fever,General Medicine,Dr_Gen_358,City Hospital Pathanamthitta,Pathanamthitta,Busy
cold,General Medicine,Dr_Gen_358,City Hospital Pathanamthitta,Pathanamthitta,Busy
infection,General Medicine,Dr_Gen_358,City Hospital Pathanamthitta,Pathanamthitta,Busy
fever,General Medicine,Dr_Gen_359,Aster Hospital Pathanamthitta,Pathanamthitta,Busy
cold,General Medicine,Dr_Gen_359,Aster Hospital Pathanamthitta,Pathanamthitta,Busy
infection,General Medicine,Dr_Gen_359,Aster Hospital Pathanamthitta,Pathanamthitta,Busy
fever,General Medicine,Dr_Gen_360,General Hospital Pathanamthitta,Pathanamthitta,Available
cold,General Medicine,Dr_Gen_360,General Hospital Pathanamthitta,Pathanamthitta,Available
infection,General Medicine,Dr_Gen_360,General Hospital Pathanamthitta,Pathanamthitta,Available
chest pain,Cardiology,Dr_Car_361,General Hospital Idukki,Idukki,Busy
heart problem,Cardiology,Dr_Car_361,General Hospital Idukki,Idukki,Busy
palpitations,Cardiology,Dr_Car_361,General Hospital Idukki,Idukki,Busy
chest pain,Cardiology,Dr_Car_362,Medical College Idukki,Idukki,Available
heart problem,Cardiology,Dr_Car_362,Medical College Idukki,Idukki,Available
palpitations,Cardiology,Dr_Car_362,Medical College Idukki,Idukki,Available
chest pain,Cardiology,Dr_Car_363,Care Hospital Idukki,Idukki,Available
heart problem,Cardiology,Dr_Car_363,Care Hospital Idukki,Idukki,Available
palpitations,Cardiology,Dr_Car_363,Care Hospital Idukki,Idukki,Available
chest pain,Cardiology,Dr_Car_364,Sunrise Hospital Idukki,Idukki,Busy
heart problem,Cardiology,Dr_Car_364,Sunrise Hospital Idukki,Idukki,Busy
palpitations,Cardiology,Dr_Car_364,Sunrise Hospital Idukki,Idukki,Busy
chest pain,Cardiology,Dr_Car_365,City Hospital Idukki,Idukki,Available
heart problem,Cardiology,Dr_Car_365,City Hospital Idukki,Idukki,Available
palpitations,Cardiology,Dr_Car_365,City Hospital Idukki,Idukki,Available
headache,Neurology,Dr_Neu_366,General Hospital Idukki,Idukki,Available
migraine,Neurology,Dr_Neu_366,General Hospital Idukki,Idukki,Available
dizziness,Neurology,Dr_Neu_366,General Hospital Idukki,Idukki,Available
headache,Neurology,Dr_Neu_367,Aster Hospital Idukki,Idukki,Available
migraine,Neurology,Dr_Neu_367,Aster Hospital Idukki,Idukki,Available
dizziness,Neurology,Dr_Neu_367,Aster Hospital Idukki,Idukki,Available
headache,Neurology,Dr_Neu_368,Aster Hospital Idukki,Idukki,Busy
migraine,Neurology,Dr_Neu_368,Aster Hospital Idukki,Idukki,Busy
dizziness,Neurology,Dr_Neu_368,Aster Hospital Idukki,Idukki,Busy
headache,Neurology,Dr_Neu_369,Sunrise Hospital Idukki,Idukki,Busy
migraine,Neurology,Dr_Neu_369,Sunrise Hospital Idukki,Idukki,Busy
dizziness,Neurology,Dr_Neu_369,Sunrise Hospital Idukki,Idukki,Busy
headache,Neurology,Dr_Neu_370,Medical College Idukki,Idukki,Busy
migraine,Neurology,Dr_Neu_370,Medical College Idukki,Idukki,Busy
dizziness,Neurology,Dr_Neu_370,Medical College Idukki,Idukki,Busy
joint pain,Orthopedics,Dr_Ort_371,Care Hospital Idukki,Idukki,Available
fracture,Orthopedics,Dr_Ort_371,Care Hospital Idukki,Idukki,Available
back pain,Orthopedics,Dr_Ort_371,Care Hospital Idukki,Idukki,Available
joint pain,Orthopedics,Dr_Ort_372,Aster Hospital Idukki,Idukki,Available
fracture,Orthopedics,Dr_Ort_372,Aster Hospital Idukki,Idukki,Available
back pain,Orthopedics,Dr_Ort_372,Aster Hospital Idukki,Idukki,Available
joint pain,Orthopedics,Dr_Ort_373,Care Hospital Idukki,Idukki,Available
fracture,Orthopedics,Dr_Ort_373,Care Hospital Idukki,Idukki,Available
back pain,Orthopedics,Dr_Ort_373,Care Hospital Idukki,Idukki,Available
joint pain,Orthopedics,Dr_Ort_374,Care Hospital Idukki,Idukki,Available
fracture,Orthopedics,Dr_Ort_374,Care Hospital Idukki,Idukki,Available
back pain,Orthopedics,Dr_Ort_374,Care Hospital Idukki,Idukki,Available
joint pain,Orthopedics,Dr_Ort_375,Aster Hospital Idukki,Idukki,Available
fracture,Orthopedics,Dr_Ort_375,Aster Hospital Idukki,Idukki,Available
back pain,Orthopedics,Dr_Ort_375,Aster Hospital Idukki,Idukki,Available
skin rash,Dermatology,Dr_Der_376,Sunrise Hospital Idukki,Idukki,Busy
acne,Dermatology,Dr_Der_376,Sunrise Hospital Idukki,Idukki,Busy
allergy,Dermatology,Dr_Der_376,Sunrise Hospital Idukki,Idukki,Busy
skin rash,Dermatology,Dr_Der_377,Care Hospital Idukki,Idukki,Busy
acne,Dermatology,Dr_Der_377,Care Hospital Idukki,Idukki,Busy
allergy,Dermatology,Dr_Der_377,Care Hospital Idukki,Idukki,Busy
skin rash,Dermatology,Dr_Der_378,Medical College Idukki,Idukki,Busy
acne,Dermatology,Dr_Der_378,Medical College Idukki,Idukki,Busy
allergy,Dermatology,Dr_Der_378,Medical College Idukki,Idukki,Busy
skin rash,Dermatology,Dr_Der_379,Sunrise Hospital Idukki,Idukki,Available
acne,Dermatology,Dr_Der_379,Sunrise Hospital Idukki,Idukki,Available
allergy,Dermatology,Dr_Der_379,Sunrise Hospital Idukki,Idukki,Available
skin rash,Dermatology,Dr_Der_380,Care Hospital Idukki,Idukki,Available
acne,Dermatology,Dr_Der_380,Care Hospital Idukki,Idukki,Available
allergy,Dermatology,Dr_Der_380,Care Hospital Idukki,Idukki,Available
child fever,Pediatrics,Dr_Ped_381,Care Hospital Idukki,Idukki,Available
child cold,Pediatrics,Dr_Ped_381,Care Hospital Idukki,Idukki,Available
child fever,Pediatrics,Dr_Ped_382,Aster Hospital Idukki,Idukki,Busy
child cold,Pediatrics,Dr_Ped_382,Aster Hospital Idukki,Idukki,Busy
child fever,Pediatrics,Dr_Ped_383,Aster Hospital Idukki,Idukki,Available
child cold,Pediatrics,Dr_Ped_383,Aster Hospital Idukki,Idukki,Available
child fever,Pediatrics,Dr_Ped_384,Care Hospital Idukki,Idukki,Busy
child cold,Pediatrics,Dr_Ped_384,Care Hospital Idukki,Idukki,Busy
child fever,Pediatrics,Dr_Ped_385,City Hospital Idukki,Idukki,Available
child cold,Pediatrics,Dr_Ped_385,City Hospital Idukki,Idukki,Available
fever,General Medicine,Dr_Gen_386,Medical College Idukki,Idukki,Busy
cold,General Medicine,Dr_Gen_386,Medical College Idukki,Idukki,Busy
infection,General Medicine,Dr_Gen_386,Medical College Idukki,Idukki,Busy
fever,General Medicine,Dr_Gen_387,Sunrise Hospital Idukki,Idukki,Busy
cold,General Medicine,Dr_Gen_387,Sunrise Hospital Idukki,Idukki,Busy
infection,General Medicine,Dr_Gen_387,Sunrise Hospital Idukki,Idukki,Busy
fever,General Medicine,Dr_Gen_388,Medical College Idukki,Idukki,Busy
cold,General Medicine,Dr_Gen_388,Medical College Idukki,Idukki,Busy
infection,General Medicine,Dr_Gen_388,Medical College Idukki,Idukki,Busy
fever,General Medicine,Dr_Gen_389,Medical College Idukki,Idukki,Busy
cold,General Medicine,Dr_Gen_389,Medical College Idukki,Idukki,Busy
infection,General Medicine,Dr_Gen_389,Medical College Idukki,Idukki,Busy
fever,General Medicine,Dr_Gen_390,Care Hospital Idukki,Idukki,Busy
cold,General Medicine,Dr_Gen_390,Care Hospital Idukki,Idukki,Busy
infection,General Medicine,Dr_Gen_390,Care Hospital Idukki,Idukki,Busy
chest pain,Cardiology,Dr_Car_391,Sunrise Hospital Wayanad,Wayanad,Busy
heart problem,Cardiology,Dr_Car_391,Sunrise Hospital Wayanad,Wayanad,Busy
palpitations,Cardiology,Dr_Car_391,Sunrise Hospital Wayanad,Wayanad,Busy
chest pain,Cardiology,Dr_Car_392,City Hospital Wayanad,Wayanad,Available
heart problem,Cardiology,Dr_Car_392,City Hospital Wayanad,Wayanad,Available
palpitations,Cardiology,Dr_Car_392,City Hospital Wayanad,Wayanad,Available
chest pain,Cardiology,Dr_Car_393,City Hospital Wayanad,Wayanad,Available
heart problem,Cardiology,Dr_Car_393,City Hospital Wayanad,Wayanad,Available
palpitations,Cardiology,Dr_Car_393,City Hospital Wayanad,Wayanad,Available
chest pain,Cardiology,Dr_Car_394,City Hospital Wayanad,Wayanad,Busy
heart problem,Cardiology,Dr_Car_394,City Hospital Wayanad,Wayanad,Busy
palpitations,Cardiology,Dr_Car_394,City Hospital Wayanad,Wayanad,Busy
chest pain,Cardiology,Dr_Car_395,Aster Hospital Wayanad,Wayanad,Busy
heart problem,Cardiology,Dr_Car_395,Aster Hospital Wayanad,Wayanad,Busy
palpitations,Cardiology,Dr_Car_395,Aster Hospital Wayanad,Wayanad,Busy
headache,Neurology,Dr_Neu_396,City Hospital Wayanad,Wayanad,Busy
migraine,Neurology,Dr_Neu_396,City Hospital Wayanad,Wayanad,Busy
dizziness,Neurology,Dr_Neu_396,City Hospital Wayanad,Wayanad,Busy
headache,Neurology,Dr_Neu_397,Sunrise Hospital Wayanad,Wayanad,Available
migraine,Neurology,Dr_Neu_397,Sunrise Hospital Wayanad,Wayanad,Available
dizziness,Neurology,Dr_Neu_397,Sunrise Hospital Wayanad,Wayanad,Available
headache,Neurology,Dr_Neu_398,Care Hospital Wayanad,Wayanad,Busy
migraine,Neurology,Dr_Neu_398,Care Hospital Wayanad,Wayanad,Busy
dizziness,Neurology,Dr_Neu_398,Care Hospital Wayanad,Wayanad,Busy
headache,Neurology,Dr_Neu_399,General Hospital Wayanad,Wayanad,Busy
migraine,Neurology,Dr_Neu_399,General Hospital Wayanad,Wayanad,Busy
dizziness,Neurology,Dr_Neu_399,General Hospital Wayanad,Wayanad,Busy
headache,Neurology,Dr_Neu_400,City Hospital Wayanad,Wayanad,Busy
migraine,Neurology,Dr_Neu_400,City Hospital Wayanad,Wayanad,Busy
dizziness,Neurology,Dr_Neu_400,City Hospital Wayanad,Wayanad,Busy
joint pain,Orthopedics,Dr_Ort_401,Aster Hospital Wayanad,Wayanad,Busy
fracture,Orthopedics,Dr_Ort_401,Aster Hospital Wayanad,Wayanad,Busy
back pain,Orthopedics,Dr_Ort_401,Aster Hospital Wayanad,Wayanad,Busy
joint pain,Orthopedics,Dr_Ort_402,City Hospital Wayanad,Wayanad,Available
fracture,Orthopedics,Dr_Ort_402,City Hospital Wayanad,Wayanad,Available
back pain,Orthopedics,Dr_Ort_402,City Hospital Wayanad,Wayanad,Available
joint pain,Orthopedics,Dr_Ort_403,Sunrise Hospital Wayanad,Wayanad,Busy
fracture,Orthopedics,Dr_Ort_403,Sunrise Hospital Wayanad,Wayanad,Busy
back pain,Orthopedics,Dr_Ort_403,Sunrise Hospital Wayanad,Wayanad,Busy
joint pain,Orthopedics,Dr_Ort_404,Medical College Wayanad,Wayanad,Busy
fracture,Orthopedics,Dr_Ort_404,Medical College Wayanad,Wayanad,Busy
back pain,Orthopedics,Dr_Ort_404,Medical College Wayanad,Wayanad,Busy
joint pain,Orthopedics,Dr_Ort_405,Sunrise Hospital Wayanad,Wayanad,Available
fracture,Orthopedics,Dr_Ort_405,Sunrise Hospital Wayanad,Wayanad,Available
back pain,Orthopedics,Dr_Ort_405,Sunrise Hospital Wayanad,Wayanad,Available
skin rash,Dermatology,Dr_Der_406,Sunrise Hospital Wayanad,Wayanad,Available
acne,Dermatology,Dr_Der_406,Sunrise Hospital Wayanad,Wayanad,Available
allergy,Dermatology,Dr_Der_406,Sunrise Hospital Wayanad,Wayanad,Available
skin rash,Dermatology,Dr_Der_407,Care Hospital Wayanad,Wayanad,Available
acne,Dermatology,Dr_Der_407,Care Hospital Wayanad,Wayanad,Available
allergy,Dermatology,Dr_Der_407,Care Hospital Wayanad,Wayanad,Available
skin rash,Dermatology,Dr_Der_408,Medical College Wayanad,Wayanad,Busy
acne,Dermatology,Dr_Der_408,Medical College Wayanad,Wayanad,Busy
allergy,Dermatology,Dr_Der_408,Medical College Wayanad,Wayanad,Busy
skin rash,Dermatology,Dr_Der_409,City Hospital Wayanad,Wayanad,Available
acne,Dermatology,Dr_Der_409,City Hospital Wayanad,Wayanad,Available
allergy,Dermatology,Dr_Der_409,City Hospital Wayanad,Wayanad,Available
skin rash,Dermatology,Dr_Der_410,City Hospital Wayanad,Wayanad,Busy
acne,Dermatology,Dr_Der_410,City Hospital Wayanad,Wayanad,Busy
allergy,Dermatology,Dr_Der_410,City Hospital Wayanad,Wayanad,Busy
child fever,Pediatrics,Dr_Ped_411,Care Hospital Wayanad,Wayanad,Available
child cold,Pediatrics,Dr_Ped_411,Care Hospital Wayanad,Wayanad,Available
child fever,Pediatrics,Dr_Ped_412,Aster Hospital Wayanad,Wayanad,Busy
child cold,Pediatrics,Dr_Ped_412,Aster Hospital Wayanad,Wayanad,Busy
child fever,Pediatrics,Dr_Ped_413,General Hospital Wayanad,Wayanad,Busy
child cold,Pediatrics,Dr_Ped_413,General Hospital Wayanad,Wayanad,Busy
child fever,Pediatrics,Dr_Ped_414,General Hospital Wayanad,Wayanad,Available
child cold,Pediatrics,Dr_Ped_414,General Hospital Wayanad,Wayanad,Available
child fever,Pediatrics,Dr_Ped_415,Aster Hospital Wayanad,Wayanad,Busy
child cold,Pediatrics,Dr_Ped_415,Aster Hospital Wayanad,Wayanad,Busy
fever,General Medicine,Dr_Gen_416,Medical College Wayanad,Wayanad,Available
cold,General Medicine,Dr_Gen_416,Medical College Wayanad,Wayanad,Available
infection,General Medicine,Dr_Gen_416,Medical College Wayanad,Wayanad,Available
fever,General Medicine,Dr_Gen_417,Medical College Wayanad,Wayanad,Busy
cold,General Medicine,Dr_Gen_417,Medical College Wayanad,Wayanad,Busy
infection,General Medicine,Dr_Gen_417,Medical College Wayanad,Wayanad,Busy
fever,General Medicine,Dr_Gen_418,City Hospital Wayanad,Wayanad,Available
cold,General Medicine,Dr_Gen_418,City Hospital Wayanad,Wayanad,Available
infection,General Medicine,Dr_Gen_418,City Hospital Wayanad,Wayanad,Available
fever,General Medicine,Dr_Gen_419,City Hospital Wayanad,Wayanad,Busy
cold,General Medicine,Dr_Gen_419,City Hospital Wayanad,Wayanad,Busy
infection,General Medicine,Dr_Gen_419,City Hospital Wayanad,Wayanad,Busy
fever,General Medicine,Dr_Gen_420,Medical College Wayanad,Wayanad,Busy
cold,General Medicine,Dr_Gen_420,Medical College Wayanad,Wayanad,Busy
infection,General Medicine,Dr_Gen_420,Medical College Wayanad,Wayanad,Busy
chest pain,Cardiology,Dr_Car_421,Sunrise Hospital Kasaragod,Kasaragod,Busy
heart problem,Cardiology,Dr_Car_421,Sunrise Hospital Kasaragod,Kasaragod,Busy
palpitations,Cardiology,Dr_Car_421,Sunrise Hospital Kasaragod,Kasaragod,Busy
chest pain,Cardiology,Dr_Car_422,City Hospital Kasaragod,Kasaragod,Available
heart problem,Cardiology,Dr_Car_422,City Hospital Kasaragod,Kasaragod,Available
palpitations,Cardiology,Dr_Car_422,City Hospital Kasaragod,Kasaragod,Available
chest pain,Cardiology,Dr_Car_423,Aster Hospital Kasaragod,Kasaragod,Available
heart problem,Cardiology,Dr_Car_423,Aster Hospital Kasaragod,Kasaragod,Available
palpitations,Cardiology,Dr_Car_423,Aster Hospital Kasaragod,Kasaragod,Available
chest pain,Cardiology,Dr_Car_424,Care Hospital Kasaragod,Kasaragod,Busy
heart problem,Cardiology,Dr_Car_424,Care Hospital Kasaragod,Kasaragod,Busy
palpitations,Cardiology,Dr_Car_424,Care Hospital Kasaragod,Kasaragod,Busy
chest pain,Cardiology,Dr_Car_425,Aster Hospital Kasaragod,Kasaragod,Available
heart problem,Cardiology,Dr_Car_425,Aster Hospital Kasaragod,Kasaragod,Available
palpitations,Cardiology,Dr_Car_425,Aster Hospital Kasaragod,Kasaragod,Available
headache,Neurology,Dr_Neu_426,Care Hospital Kasaragod,Kasaragod,Busy
migraine,Neurology,Dr_Neu_426,Care Hospital Kasaragod,Kasaragod,Busy
dizziness,Neurology,Dr_Neu_426,Care Hospital Kasaragod,Kasaragod,Busy
headache,Neurology,Dr_Neu_427,Aster Hospital Kasaragod,Kasaragod,Available
migraine,Neurology,Dr_Neu_427,Aster Hospital Kasaragod,Kasaragod,Available
dizziness,Neurology,Dr_Neu_427,Aster Hospital Kasaragod,Kasaragod,Available
headache,Neurology,Dr_Neu_428,Aster Hospital Kasaragod,Kasaragod,Busy
migraine,Neurology,Dr_Neu_428,Aster Hospital Kasaragod,Kasaragod,Busy
dizziness,Neurology,Dr_Neu_428,Aster Hospital Kasaragod,Kasaragod,Busy
headache,Neurology,Dr_Neu_429,City Hospital Kasaragod,Kasaragod,Busy
migraine,Neurology,Dr_Neu_429,City Hospital Kasaragod,Kasaragod,Busy
dizziness,Neurology,Dr_Neu_429,City Hospital Kasaragod,Kasaragod,Busy
headache,Neurology,Dr_Neu_430,Sunrise Hospital Kasaragod,Kasaragod,Busy
migraine,Neurology,Dr_Neu_430,Sunrise Hospital Kasaragod,Kasaragod,Busy
dizziness,Neurology,Dr_Neu_430,Sunrise Hospital Kasaragod,Kasaragod,Busy
joint pain,Orthopedics,Dr_Ort_431,Sunrise Hospital Kasaragod,Kasaragod,Available
fracture,Orthopedics,Dr_Ort_431,Sunrise Hospital Kasaragod,Kasaragod,Available
back pain,Orthopedics,Dr_Ort_431,Sunrise Hospital Kasaragod,Kasaragod,Available
joint pain,Orthopedics,Dr_Ort_432,Care Hospital Kasaragod,Kasaragod,Busy
fracture,Orthopedics,Dr_Ort_432,Care Hospital Kasaragod,Kasaragod,Busy
back pain,Orthopedics,Dr_Ort_432,Care Hospital Kasaragod,Kasaragod,Busy
joint pain,Orthopedics,Dr_Ort_433,Sunrise Hospital Kasaragod,Kasaragod,Busy
fracture,Orthopedics,Dr_Ort_433,Sunrise Hospital Kasaragod,Kasaragod,Busy
back pain,Orthopedics,Dr_Ort_433,Sunrise Hospital Kasaragod,Kasaragod,Busy
joint pain,Orthopedics,Dr_Ort_434,Sunrise Hospital Kasaragod,Kasaragod,Busy
fracture,Orthopedics,Dr_Ort_434,Sunrise Hospital Kasaragod,Kasaragod,Busy
back pain,Orthopedics,Dr_Ort_434,Sunrise Hospital Kasaragod,Kasaragod,Busy
joint pain,Orthopedics,Dr_Ort_435,General Hospital Kasaragod,Kasaragod,Busy
fracture,Orthopedics,Dr_Ort_435,General Hospital Kasaragod,Kasaragod,Busy
back pain,Orthopedics,Dr_Ort_435,General Hospital Kasaragod,Kasaragod,Busy
skin rash,Dermatology,Dr_Der_436,General Hospital Kasaragod,Kasaragod,Busy
acne,Dermatology,Dr_Der_436,General Hospital Kasaragod,Kasaragod,Busy
allergy,Dermatology,Dr_Der_436,General Hospital Kasaragod,Kasaragod,Busy
skin rash,Dermatology,Dr_Der_437,City Hospital Kasaragod,Kasaragod,Available
acne,Dermatology,Dr_Der_437,City Hospital Kasaragod,Kasaragod,Available
allergy,Dermatology,Dr_Der_437,City Hospital Kasaragod,Kasaragod,Available
skin rash,Dermatology,Dr_Der_438,Sunrise Hospital Kasaragod,Kasaragod,Available
acne,Dermatology,Dr_Der_438,Sunrise Hospital Kasaragod,Kasaragod,Available
allergy,Dermatology,Dr_Der_438,Sunrise Hospital Kasaragod,Kasaragod,Available
skin rash,Dermatology,Dr_Der_439,Aster Hospital Kasaragod,Kasaragod,Available
acne,Dermatology,Dr_Der_439,Aster Hospital Kasaragod,Kasaragod,Available
allergy,Dermatology,Dr_Der_439,Aster Hospital Kasaragod,Kasaragod,Available
skin rash,Dermatology,Dr_Der_440,Medical College Kasaragod,Kasaragod,Busy
acne,Dermatology,Dr_Der_440,Medical College Kasaragod,Kasaragod,Busy
allergy,Dermatology,Dr_Der_440,Medical College Kasaragod,Kasaragod,Busy
child fever,Pediatrics,Dr_Ped_441,General Hospital Kasaragod,Kasaragod,Available
child cold,Pediatrics,Dr_Ped_441,General Hospital Kasaragod,Kasaragod,Available
child fever,Pediatrics,Dr_Ped_442,Medical College Kasaragod,Kasaragod,Available
child cold,Pediatrics,Dr_Ped_442,Medical College Kasaragod,Kasaragod,Available
child fever,Pediatrics,Dr_Ped_443,Medical College Kasaragod,Kasaragod,Available
child cold,Pediatrics,Dr_Ped_443,Medical College Kasaragod,Kasaragod,Available
child fever,Pediatrics,Dr_Ped_444,Aster Hospital Kasaragod,Kasaragod,Busy
child cold,Pediatrics,Dr_Ped_444,Aster Hospital Kasaragod,Kasaragod,Busy
child fever,Pediatrics,Dr_Ped_445,Aster Hospital Kasaragod,Kasaragod,Available
child cold,Pediatrics,Dr_Ped_445,Aster Hospital Kasaragod,Kasaragod,Available
fever,General Medicine,Dr_Gen_446,City Hospital Kasaragod,Kasaragod,Available
cold,General Medicine,Dr_Gen_446,City Hospital Kasaragod,Kasaragod,Available
infection,General Medicine,Dr_Gen_446,City Hospital Kasaragod,Kasaragod,Available
fever,General Medicine,Dr_Gen_447,Care Hospital Kasaragod,Kasaragod,Available
cold,General Medicine,Dr_Gen_447,Care Hospital Kasaragod,Kasaragod,Available
infection,General Medicine,Dr_Gen_447,Care Hospital Kasaragod,Kasaragod,Available
fever,General Medicine,Dr_Gen_448,Care Hospital Kasaragod,Kasaragod,Busy
cold,General Medicine,Dr_Gen_448,Care Hospital Kasaragod,Kasaragod,Busy
infection,General Medicine,Dr_Gen_448,Care Hospital Kasaragod,Kasaragod,Busy
fever,General Medicine,Dr_Gen_449,General Hospital Kasaragod,Kasaragod,Available
cold,General Medicine,Dr_Gen_449,General Hospital Kasaragod,Kasaragod,Available
infection,General Medicine,Dr_Gen_449,General Hospital Kasaragod,Kasaragod,Available
fever,General Medicine,Dr_Gen_450,City Hospital Kasaragod,Kasaragod,Available
cold,General Medicine,Dr_Gen_450,City Hospital Kasaragod,Kasaragod,Available
infection,General Medicine,Dr_Gen_450,City Hospital Kasaragod,Kasaragod,Available
